,node_sending,node_receiving,interface,time_queued,time_dequeued,time_received,bytes,id,total_package_time,total_time
0,1,5,10,0.0,61.594,323.1,1052,0,261.50600000000003,261.50600000000003
1,1,5,10,0.0,123.188,384.694,1052,1,261.50600000000003,261.50600000000003
2,1,5,10,0.0,184.782,446.288,1052,2,261.506,261.506
3,1,5,10,0.0,246.376,507.882,1052,3,261.506,261.506
4,1,5,10,0.0,307.97,569.476,1052,4,261.506,261.506
5,1,5,10,0.0,369.564,631.07,1052,5,261.50600000000003,261.50600000000003
6,1,5,10,0.0,431.158,692.664,1052,6,261.506,261.506
7,1,5,10,0.0,492.752,754.258,1052,7,261.50600000000003,261.50600000000003
8,1,5,10,0.0,554.346,815.852,1052,8,261.506,261.506
9,1,5,10,0.0,615.94,877.446,1052,9,261.506,261.506
10,1,5,10,0.0,677.534,939.04,1052,10,261.506,261.506
11,1,5,10,0.0,739.128,1000.63,1052,11,261.50199999999995,261.50199999999995
12,1,5,10,0.0,800.722,1062.23,1052,12,261.50800000000004,261.50800000000004
13,1,5,10,0.0,862.316,1123.82,1052,13,261.5039999999999,261.5039999999999
14,1,5,10,0.0,923.91,1185.42,1052,14,261.5100000000001,261.5100000000001
15,1,5,10,0.0,985.504,1247.01,1052,15,261.506,261.506
16,1,5,10,0.0,1047.1,1308.6,1052,16,261.5,261.5
17,1,5,10,0.0,1108.69,1370.2,1052,17,261.51,261.51
18,1,5,10,0.0,1170.29,1431.79,1052,18,261.5,261.5
19,1,5,10,0.0,1231.88,1493.39,1052,19,261.51,261.51
20,1,5,10,0.0,1293.47,1554.98,1052,20,261.51,261.51
21,1,5,10,0.0,1355.07,1616.57,1052,21,261.5,261.5
22,1,5,10,0.0,1416.66,1678.17,1052,22,261.51,261.51
23,1,5,10,0.0,1478.26,1739.76,1052,23,261.5,261.5
24,1,5,10,0.0,1539.85,1801.36,1052,24,261.51,261.51
25,1,5,10,0.0,1601.44,1862.95,1052,25,261.51,261.51
26,1,5,10,0.0,1663.04,1924.54,1052,26,261.5,261.5
27,1,5,10,0.0,1724.63,1986.14,1052,27,261.51,261.51
28,1,5,10,0.0,1786.23,2047.73,1052,28,261.5,261.5
29,1,5,10,0.0,1847.82,2109.33,1052,29,261.51,261.51
30,1,5,10,0.0,1909.41,2170.92,1052,30,261.51,261.51
31,1,5,10,0.0,1971.01,2232.51,1052,31,261.5000000000002,261.5000000000002
32,1,5,10,0.0,2032.6,2294.11,1052,32,261.5100000000002,261.5100000000002
33,1,5,10,0.0,2094.2,2355.7,1052,33,261.5,261.5
34,1,5,10,0.0,2155.79,2417.3,1052,34,261.5100000000002,261.5100000000002
35,1,5,10,0.0,2217.38,2478.89,1052,35,261.50999999999976,261.50999999999976
36,1,5,10,0.0,2278.98,2540.48,1052,36,261.5,261.5
37,1,5,10,0.0,2340.57,2602.08,1052,37,261.50999999999976,261.50999999999976
38,1,5,10,0.0,2402.17,2663.67,1052,38,261.5,261.5
39,1,5,10,0.0,2463.76,2725.27,1052,39,261.50999999999976,261.50999999999976
40,1,5,10,0.0,2525.35,2786.86,1052,40,261.5100000000002,261.5100000000002
41,1,5,10,0.0,2586.95,2848.45,1052,41,261.5,261.5
42,1,5,10,0.0,2648.54,2910.05,1052,42,261.5100000000002,261.5100000000002
43,1,5,10,0.0,2710.14,2971.64,1052,43,261.5,261.5
44,1,5,10,0.0,2771.73,3033.24,1052,44,261.50999999999976,261.50999999999976
45,1,5,10,0.0,2833.32,3094.83,1052,45,261.50999999999976,261.50999999999976
46,1,5,10,0.0,2894.92,3156.42,1052,46,261.5,261.5
47,1,5,10,0.0,2956.51,3218.02,1052,47,261.50999999999976,261.50999999999976
48,1,5,10,0.0,3018.11,3279.61,1052,48,261.5,261.5
49,1,5,10,0.0,3079.7,3341.21,1052,49,261.5100000000002,261.5100000000002
50,1,5,10,0.0,3141.29,3402.8,1052,50,261.5100000000002,261.5100000000002
51,1,5,10,0.0,3202.89,3464.39,1052,51,261.5,261.5
52,1,5,10,0.0,3264.48,3525.99,1052,52,261.50999999999976,261.50999999999976
53,1,5,10,0.0,3326.08,3587.58,1052,53,261.5,261.5
54,1,5,10,0.0,3387.67,3649.18,1052,54,261.50999999999976,261.50999999999976
55,1,5,10,0.0,3449.26,3710.77,1052,55,261.50999999999976,261.50999999999976
56,1,5,10,0.0,3510.86,3772.36,1052,56,261.5,261.5
57,1,5,10,0.0,3572.45,3833.96,1052,57,261.5100000000002,261.5100000000002
58,1,5,10,0.0,3634.05,3895.55,1052,58,261.5,261.5
59,1,5,10,0.0,3695.64,3957.15,1052,59,261.5100000000002,261.5100000000002
60,1,5,10,0.0,3757.23,4018.74,1052,60,261.50999999999976,261.50999999999976
61,1,5,10,0.0,3818.83,4080.33,1052,61,261.5,261.5
62,1,5,10,0.0,3880.42,4141.93,1052,62,261.5100000000002,261.5100000000002
63,1,5,10,0.0,3942.02,4203.52,1052,63,261.50000000000045,261.50000000000045
64,1,5,10,0.0,4003.61,4265.12,1052,64,261.50999999999976,261.50999999999976
65,1,5,10,0.0,4065.2,4326.71,1052,65,261.5100000000002,261.5100000000002
66,1,5,10,0.0,4126.8,4388.3,1052,66,261.5,261.5
67,1,5,10,0.0,4188.39,4449.9,1052,67,261.5099999999993,261.5099999999993
68,1,5,10,0.0,4249.98,4511.49,1052,68,261.5100000000002,261.5100000000002
69,1,5,10,0.0,4311.58,4573.09,1052,69,261.5100000000002,261.5100000000002
70,1,5,10,0.0,4373.17,4634.68,1052,70,261.5100000000002,261.5100000000002
71,1,5,10,0.0,4434.77,4696.27,1052,71,261.5,261.5
72,1,5,10,0.0,4496.36,4757.87,1052,72,261.5100000000002,261.5100000000002
73,1,5,10,0.0,4557.95,4819.46,1052,73,261.5100000000002,261.5100000000002
74,1,5,10,0.0,4619.55,4881.06,1052,74,261.5100000000002,261.5100000000002
75,1,5,10,0.0,4681.14,4942.65,1052,75,261.5099999999993,261.5099999999993
76,1,5,10,0.0,4742.74,5004.24,1052,76,261.5,261.5
77,1,5,10,0.0,4804.33,5065.84,1052,77,261.5100000000002,261.5100000000002
78,1,5,10,0.0,4865.92,5127.43,1052,78,261.5100000000002,261.5100000000002
79,1,5,10,0.0,4927.52,5189.03,1052,79,261.5099999999993,261.5099999999993
80,1,5,10,0.0,4989.11,5250.62,1052,80,261.5100000000002,261.5100000000002
81,1,5,10,0.0,5050.71,5312.21,1052,81,261.5,261.5
82,1,5,10,0.0,5112.3,5373.81,1052,82,261.5100000000002,261.5100000000002
83,1,5,10,0.0,5173.89,5435.4,1052,83,261.5099999999993,261.5099999999993
84,1,5,10,0.0,5235.49,5497.0,1052,84,261.5100000000002,261.5100000000002
85,1,5,10,0.0,5297.08,5558.59,1052,85,261.5100000000002,261.5100000000002
86,1,5,10,0.0,5358.68,5620.18,1052,86,261.5,261.5
87,1,5,10,0.0,5420.27,5681.78,1052,87,261.5099999999993,261.5099999999993
88,1,5,10,0.0,5481.86,5743.37,1052,88,261.5100000000002,261.5100000000002
89,1,5,10,0.0,5543.46,5804.97,1052,89,261.5100000000002,261.5100000000002
90,1,5,10,0.0,5605.05,5866.56,1052,90,261.5100000000002,261.5100000000002
91,1,5,10,0.0,5666.65,5928.15,1052,91,261.5,261.5
92,1,5,10,0.0,5728.24,5989.75,1052,92,261.5100000000002,261.5100000000002
93,1,5,10,0.0,5789.83,6051.34,1052,93,261.5100000000002,261.5100000000002
94,1,5,10,0.0,5851.43,6112.94,1052,94,261.5099999999993,261.5099999999993
95,1,5,10,0.0,5913.02,6174.53,1052,95,261.5099999999993,261.5099999999993
96,1,5,10,0.0,5974.62,6236.12,1052,96,261.5,261.5
97,1,5,10,0.0,6036.21,6297.72,1052,97,261.5100000000002,261.5100000000002
98,1,5,10,0.0,6097.8,6359.31,1052,98,261.5100000000002,261.5100000000002
99,1,5,10,0.0,6159.4,6420.9,1052,99,261.5,261.5
100,1,5,10,0.0,6220.99,6482.5,1052,100,261.5100000000002,261.5100000000002
101,1,5,10,0.0,6282.59,6544.09,1052,101,261.5,261.5
102,1,5,10,0.0,6344.18,6605.69,1052,102,261.5099999999993,261.5099999999993
103,1,5,10,0.0,6405.77,6667.28,1052,103,261.5099999999993,261.5099999999993
104,1,5,10,0.0,6467.37,6728.87,1052,104,261.5,261.5
105,1,5,10,0.0,6528.96,6790.47,1052,105,261.5100000000002,261.5100000000002
106,1,5,10,0.0,6590.56,6852.06,1052,106,261.5,261.5
107,1,5,10,0.0,6652.15,6913.66,1052,107,261.5100000000002,261.5100000000002
108,1,5,10,0.0,6713.74,6975.25,1052,108,261.5100000000002,261.5100000000002
109,1,5,10,0.0,6775.34,7036.84,1052,109,261.5,261.5
110,1,5,10,0.0,6836.93,7098.44,1052,110,261.5099999999993,261.5099999999993
111,1,5,10,0.0,6898.53,7160.03,1052,111,261.5,261.5
112,1,5,10,0.0,6960.12,7221.63,1052,112,261.5100000000002,261.5100000000002
113,1,5,10,0.0,7021.71,7283.22,1052,113,261.5100000000002,261.5100000000002
114,1,5,10,0.0,7083.31,7344.81,1052,114,261.5,261.5
115,1,5,10,0.0,7144.9,7406.41,1052,115,261.5100000000002,261.5100000000002
116,1,5,10,0.0,7206.5,7468.0,1052,116,261.5,261.5
117,1,5,10,0.0,7268.09,7529.6,1052,117,261.5100000000002,261.5100000000002
118,1,5,10,0.0,7329.68,7591.19,1052,118,261.5099999999993,261.5099999999993
119,1,5,10,0.0,7391.28,7652.78,1052,119,261.5,261.5
120,1,5,10,0.0,7452.87,7714.38,1052,120,261.5100000000002,261.5100000000002
121,1,5,10,0.0,7514.47,7775.97,1052,121,261.5,261.5
122,1,5,10,0.0,7576.06,7837.57,1052,122,261.5099999999993,261.5099999999993
123,1,5,10,0.0,7637.65,7899.16,1052,123,261.5100000000002,261.5100000000002
124,1,5,10,0.0,7699.25,7960.75,1052,124,261.5,261.5
125,1,5,10,0.0,7760.84,8022.35,1052,125,261.5100000000002,261.5100000000002
126,1,5,10,0.0,7822.44,8083.94,1052,126,261.5,261.5
127,1,5,10,0.0,7884.03,8145.54,1052,127,261.5100000000002,261.5100000000002
128,1,5,10,0.0,7945.62,8207.13,1052,128,261.5099999999993,261.5099999999993
129,1,5,10,0.0,8007.22,8268.72,1052,129,261.4999999999991,261.4999999999991
130,1,5,10,0.0,8068.81,8330.32,1052,130,261.5099999999993,261.5099999999993
131,1,5,10,0.0,8130.41,8391.91,1052,131,261.5,261.5
132,1,5,10,0.0,8192.0,8453.51,1052,132,261.5100000000002,261.5100000000002
133,1,5,10,0.0,8253.59,8515.1,1052,133,261.5100000000002,261.5100000000002
134,1,5,10,0.0,8315.19,8576.69,1052,134,261.5,261.5
135,1,5,10,0.0,8376.78,8638.29,1052,135,261.5100000000002,261.5100000000002
136,1,5,10,0.0,8438.38,8699.88,1052,136,261.5,261.5
137,1,5,10,0.0,8499.97,8761.48,1052,137,261.5100000000002,261.5100000000002
138,1,5,10,0.0,8561.56,8823.07,1052,138,261.5100000000002,261.5100000000002
139,1,5,10,0.0,8623.16,8884.66,1052,139,261.5,261.5
140,1,5,10,0.0,8684.75,8946.26,1052,140,261.5100000000002,261.5100000000002
141,1,5,10,0.0,8746.35,9007.85,1052,141,261.5,261.5
142,1,5,10,0.0,8807.94,9069.45,1052,142,261.5100000000002,261.5100000000002
143,1,5,10,0.0,8869.53,9131.04,1052,143,261.5100000000002,261.5100000000002
144,1,5,10,0.0,8931.13,9192.63,1052,144,261.5,261.5
145,1,5,10,0.0,8992.72,9254.23,1052,145,261.5100000000002,261.5100000000002
146,1,5,10,0.0,9054.32,9315.82,1052,146,261.5,261.5
147,1,5,10,0.0,9115.91,9377.42,1052,147,261.5100000000002,261.5100000000002
148,1,5,10,0.0,9177.5,9439.01,1052,148,261.5100000000002,261.5100000000002
149,1,5,10,0.0,9239.1,9500.6,1052,149,261.5,261.5
150,1,5,10,0.0,9300.69,9562.2,1052,150,261.5100000000002,261.5100000000002
151,1,5,10,0.0,9362.29,9623.79,1052,151,261.5,261.5
152,1,5,10,0.0,9423.88,9685.39,1052,152,261.5100000000002,261.5100000000002
153,1,5,10,0.0,9485.47,9746.98,1052,153,261.5100000000002,261.5100000000002
154,1,5,10,0.0,9547.07,9808.57,1052,154,261.5,261.5
155,1,5,10,0.0,9608.66,9870.17,1052,155,261.5100000000002,261.5100000000002
156,1,5,10,0.0,9670.26,9931.76,1052,156,261.5,261.5
157,1,5,10,0.0,9731.85,9993.36,1052,157,261.5100000000002,261.5100000000002
158,1,5,10,0.0,9793.44,10055.0,1052,158,261.5599999999995,261.5599999999995
159,1,5,10,0.0,9855.04,10116.5,1052,159,261.4599999999991,261.4599999999991
160,1,5,10,0.0,9916.63,10178.1,1052,160,261.47000000000116,261.47000000000116
161,1,5,10,0.0,9978.23,10239.7,1052,161,261.47000000000116,261.47000000000116
162,1,5,10,0.0,10039.8,10301.3,1052,162,261.5,261.5
163,1,5,10,0.0,10101.4,10362.9,1052,163,261.5,261.5
164,1,5,10,0.0,10163.0,10424.5,1052,164,261.5,261.5
165,1,5,10,0.0,10224.6,10486.1,1052,165,261.5,261.5
166,1,5,10,0.0,10286.2,10547.7,1052,166,261.5,261.5
167,1,5,10,0.0,10347.8,10609.3,1052,167,261.5,261.5
168,1,5,10,0.0,10409.4,10670.9,1052,168,261.5,261.5
169,1,5,10,0.0,10471.0,10732.5,1052,169,261.5,261.5
170,1,5,10,0.0,10532.6,10794.1,1052,170,261.5,261.5
171,1,5,10,0.0,10594.2,10855.7,1052,171,261.5,261.5
172,1,5,10,0.0,10655.8,10917.3,1052,172,261.5,261.5
173,1,5,10,0.0,10717.4,10978.9,1052,173,261.5,261.5
174,1,5,10,0.0,10778.9,11040.5,1052,174,261.60000000000036,261.60000000000036
175,1,5,10,0.0,10840.5,11102.0,1052,175,261.5,261.5
176,1,5,10,0.0,10902.1,11163.6,1052,176,261.5,261.5
177,1,5,10,0.0,10963.7,11225.2,1052,177,261.5,261.5
178,1,5,10,0.0,11025.3,11286.8,1052,178,261.5,261.5
179,1,5,10,0.0,11086.9,11348.4,1052,179,261.5,261.5
180,1,5,10,0.0,11148.5,11410.0,1052,180,261.5,261.5
181,1,5,10,0.0,11210.1,11471.6,1052,181,261.5,261.5
182,1,5,10,0.0,11271.7,11533.2,1052,182,261.5,261.5
183,1,5,10,0.0,11333.3,11594.8,1052,183,261.5,261.5
184,1,5,10,0.0,11394.9,11656.4,1052,184,261.5,261.5
185,1,5,10,0.0,11456.5,11718.0,1052,185,261.5,261.5
186,1,5,10,0.0,11518.1,11779.6,1052,186,261.5,261.5
187,1,5,10,0.0,11579.7,11841.2,1052,187,261.5,261.5
188,1,5,10,0.0,11641.3,11902.8,1052,188,261.5,261.5
189,1,5,10,0.0,11702.9,11964.4,1052,189,261.5,261.5
190,1,5,10,0.0,11764.5,12026.0,1052,190,261.5,261.5
191,1,5,10,0.0,11826.0,12087.6,1052,191,261.60000000000036,261.60000000000036
192,1,5,10,0.0,11887.6,12149.1,1052,192,261.5,261.5
193,1,5,10,0.0,11949.2,12210.7,1052,193,261.5,261.5
194,1,5,10,0.0,12010.8,12272.3,1052,194,261.5,261.5
195,1,5,10,0.0,12072.4,12333.9,1052,195,261.5,261.5
196,1,5,10,0.0,12134.0,12395.5,1052,196,261.5,261.5
197,1,5,10,0.0,12195.6,12457.1,1052,197,261.5,261.5
198,1,5,10,0.0,12257.2,12518.7,1052,198,261.5,261.5
199,1,5,10,0.0,12318.8,12580.3,1052,199,261.5,261.5
200,1,5,10,0.0,12380.4,12641.9,1052,200,261.5,261.5
201,1,5,10,0.0,12442.0,12703.5,1052,201,261.5,261.5
202,1,5,10,0.0,12503.6,12765.1,1052,202,261.5,261.5
203,1,5,10,0.0,12565.2,12826.7,1052,203,261.5,261.5
204,1,5,10,0.0,12626.8,12888.3,1052,204,261.5,261.5
205,1,5,10,0.0,12688.4,12949.9,1052,205,261.5,261.5
206,1,5,10,0.0,12750.0,13011.5,1052,206,261.5,261.5
207,1,5,10,0.0,12811.5,13073.1,1052,207,261.60000000000036,261.60000000000036
208,1,5,10,0.0,12873.1,13134.6,1052,208,261.5,261.5
209,1,5,10,0.0,12934.7,13196.2,1052,209,261.5,261.5
210,1,5,10,0.0,12996.3,13257.8,1052,210,261.5,261.5
211,1,5,10,0.0,13057.9,13319.4,1052,211,261.5,261.5
212,1,5,10,0.0,13119.5,13381.0,1052,212,261.5,261.5
213,1,5,10,0.0,13181.1,13442.6,1052,213,261.5,261.5
214,1,5,10,0.0,13242.7,13504.2,1052,214,261.5,261.5
215,1,5,10,0.0,13304.3,13565.8,1052,215,261.5,261.5
216,1,5,10,0.0,13365.9,13627.4,1052,216,261.5,261.5
217,1,5,10,0.0,13427.5,13689.0,1052,217,261.5,261.5
218,1,5,10,0.0,13489.1,13750.6,1052,218,261.5,261.5
219,1,5,10,0.0,13550.7,13812.2,1052,219,261.5,261.5
220,1,5,10,0.0,13612.3,13873.8,1052,220,261.5,261.5
221,1,5,10,0.0,13673.9,13935.4,1052,221,261.5,261.5
222,1,5,10,0.0,13735.5,13997.0,1052,222,261.5,261.5
223,1,5,10,0.0,13797.1,14058.6,1052,223,261.5,261.5
224,1,5,10,0.0,13858.6,14120.2,1052,224,261.60000000000036,261.60000000000036
225,1,5,10,0.0,13920.2,14181.7,1052,225,261.5,261.5
226,1,5,10,0.0,13981.8,14243.3,1052,226,261.5,261.5
227,1,5,10,0.0,14043.4,14304.9,1052,227,261.5,261.5
228,1,5,10,0.0,14105.0,14366.5,1052,228,261.5,261.5
229,1,5,10,0.0,14166.6,14428.1,1052,229,261.5,261.5
230,1,5,10,0.0,14228.2,14489.7,1052,230,261.5,261.5
231,1,5,10,0.0,14289.8,14551.3,1052,231,261.5,261.5
232,1,5,10,0.0,14351.4,14612.9,1052,232,261.5,261.5
233,1,5,10,0.0,14413.0,14674.5,1052,233,261.5,261.5
234,1,5,10,0.0,14474.6,14736.1,1052,234,261.5,261.5
235,1,5,10,0.0,14536.2,14797.7,1052,235,261.5,261.5
236,1,5,10,0.0,14597.8,14859.3,1052,236,261.5,261.5
237,1,5,10,0.0,14659.4,14920.9,1052,237,261.5,261.5
238,1,5,10,0.0,14721.0,14982.5,1052,238,261.5,261.5
239,1,5,10,0.0,14782.6,15044.1,1052,239,261.5,261.5
240,1,5,10,0.0,14844.2,15105.7,1052,240,261.5,261.5
241,1,5,10,0.0,14905.7,15167.3,1052,241,261.59999999999854,261.59999999999854
242,1,5,10,0.0,14967.3,15228.8,1052,242,261.5,261.5
243,1,5,10,0.0,15028.9,15290.4,1052,243,261.5,261.5
244,1,5,10,0.0,15090.5,15352.0,1052,244,261.5,261.5
245,1,5,10,0.0,15152.1,15413.6,1052,245,261.5,261.5
246,1,5,10,0.0,15213.7,15475.2,1052,246,261.5,261.5
247,1,5,10,0.0,15275.3,15536.8,1052,247,261.5,261.5
248,1,5,10,0.0,15336.9,15598.4,1052,248,261.5,261.5
249,1,5,10,0.0,15398.5,15660.0,1052,249,261.5,261.5
250,1,5,10,0.0,15460.1,15721.6,1052,250,261.5,261.5
251,1,5,10,0.0,15521.7,15783.2,1052,251,261.5,261.5
252,1,5,10,0.0,15583.3,15844.8,1052,252,261.5,261.5
253,1,5,10,0.0,15644.9,15906.4,1052,253,261.5,261.5
254,1,5,10,0.0,15706.5,15968.0,1052,254,261.5,261.5
255,1,5,10,0.0,15768.1,16029.6,1052,255,261.5,261.5
256,1,5,10,0.0,15829.7,16091.2,1052,256,261.5,261.5
257,1,5,10,0.0,15891.2,16152.8,1052,257,261.59999999999854,261.59999999999854
258,1,5,10,0.0,15952.8,16214.3,1052,258,261.5,261.5
259,1,5,10,0.0,16014.4,16275.9,1052,259,261.5,261.5
260,1,5,10,0.0,16076.0,16337.5,1052,260,261.5,261.5
261,1,5,10,0.0,16137.6,16399.1,1052,261,261.4999999999982,261.4999999999982
262,1,5,10,0.0,16199.2,16460.7,1052,262,261.5,261.5
263,1,5,10,0.0,16260.8,16522.3,1052,263,261.5,261.5
264,1,5,10,0.0,16322.4,16583.9,1052,264,261.5000000000018,261.5000000000018
265,1,5,10,0.0,16384.0,16645.5,1052,265,261.5,261.5
266,1,5,10,0.0,16445.6,16707.1,1052,266,261.5,261.5
267,1,5,10,0.0,16507.2,16768.7,1052,267,261.5,261.5
268,1,5,10,0.0,16568.8,16830.3,1052,268,261.5,261.5
269,1,5,10,0.0,16630.4,16891.9,1052,269,261.5,261.5
270,1,5,10,0.0,16692.0,16953.5,1052,270,261.5,261.5
271,1,5,10,0.0,16753.6,17015.1,1052,271,261.5,261.5
272,1,5,10,0.0,16815.2,17076.7,1052,272,261.5,261.5
273,1,5,10,0.0,16876.8,17138.3,1052,273,261.5,261.5
274,1,5,10,0.0,16938.3,17199.9,1052,274,261.6000000000022,261.6000000000022
275,1,5,10,0.0,16999.9,17261.4,1052,275,261.5,261.5
276,1,5,10,0.0,17061.5,17323.0,1052,276,261.5,261.5
277,1,5,10,0.0,17123.1,17384.6,1052,277,261.5,261.5
278,1,5,10,0.0,17184.7,17446.2,1052,278,261.5,261.5
279,1,5,10,0.0,17246.3,17507.8,1052,279,261.5,261.5
280,1,5,10,0.0,17307.9,17569.4,1052,280,261.5,261.5
281,1,5,10,0.0,17369.5,17631.0,1052,281,261.5,261.5
282,1,5,10,0.0,17431.1,17692.6,1052,282,261.5,261.5
283,1,5,10,0.0,17492.7,17754.2,1052,283,261.5,261.5
284,1,5,10,0.0,17554.3,17815.8,1052,284,261.5,261.5
285,1,5,10,0.0,17615.9,17877.4,1052,285,261.5,261.5
286,1,5,10,0.0,17677.5,17939.0,1052,286,261.5,261.5
287,1,5,10,0.0,17739.1,18000.6,1052,287,261.5,261.5
288,1,5,10,0.0,17800.7,18062.2,1052,288,261.5,261.5
289,1,5,10,0.0,17862.3,18123.8,1052,289,261.5,261.5
290,1,5,10,0.0,17923.8,18185.4,1052,290,261.6000000000022,261.6000000000022
291,1,5,10,0.0,17985.4,18247.0,1052,291,261.59999999999854,261.59999999999854
292,1,5,10,0.0,18047.0,18308.5,1052,292,261.5,261.5
293,1,5,10,0.0,18108.6,18370.1,1052,293,261.5,261.5
294,1,5,10,0.0,18170.2,18431.7,1052,294,261.5,261.5
295,1,5,10,0.0,18231.8,18493.3,1052,295,261.5,261.5
296,1,5,10,0.0,18293.4,18554.9,1052,296,261.5,261.5
297,1,5,10,0.0,18355.0,18616.5,1052,297,261.5,261.5
298,1,5,10,0.0,18416.6,18678.1,1052,298,261.5,261.5
299,1,5,10,0.0,18478.2,18739.7,1052,299,261.5,261.5
300,1,5,10,0.0,18539.8,18801.3,1052,300,261.5,261.5
301,1,5,10,0.0,18601.4,18862.9,1052,301,261.5,261.5
302,1,5,10,0.0,18663.0,18924.5,1052,302,261.5,261.5
303,1,5,10,0.0,18724.6,18986.1,1052,303,261.5,261.5
304,1,5,10,0.0,18786.2,19047.7,1052,304,261.5,261.5
305,1,5,10,0.0,18847.8,19109.3,1052,305,261.5,261.5
306,1,5,10,0.0,18909.4,19170.9,1052,306,261.5,261.5
307,1,5,10,0.0,18970.9,19232.5,1052,307,261.59999999999854,261.59999999999854
308,1,5,10,0.0,19032.5,19294.0,1052,308,261.5,261.5
309,1,5,10,0.0,19094.1,19355.6,1052,309,261.5,261.5
310,1,5,10,0.0,19155.7,19417.2,1052,310,261.5,261.5
311,1,5,10,0.0,19217.3,19478.8,1052,311,261.5,261.5
312,1,5,10,0.0,19278.9,19540.4,1052,312,261.5,261.5
313,1,5,10,0.0,19340.5,19602.0,1052,313,261.5,261.5
314,1,5,10,0.0,19402.1,19663.6,1052,314,261.5,261.5
315,1,5,10,0.0,19463.7,19725.2,1052,315,261.5,261.5
316,1,5,10,0.0,19525.3,19786.8,1052,316,261.5,261.5
317,1,5,10,0.0,19586.9,19848.4,1052,317,261.5,261.5
318,1,5,10,0.0,19648.5,19910.0,1052,318,261.5,261.5
319,1,5,10,0.0,19710.1,19971.6,1052,319,261.5,261.5
320,1,5,10,0.0,19771.7,20033.2,1052,320,261.5,261.5
321,1,5,10,0.0,19833.3,20094.8,1052,321,261.5,261.5
322,1,5,10,0.0,19894.9,20156.4,1052,322,261.5,261.5
323,1,5,10,0.0,19956.5,20218.0,1052,323,261.5,261.5
324,1,5,10,0.0,20018.0,20279.6,1052,324,261.59999999999854,261.59999999999854
325,1,5,10,0.0,20079.6,20341.1,1052,325,261.5,261.5
326,1,5,10,0.0,20141.2,20402.7,1052,326,261.5,261.5
327,1,5,10,0.0,20202.8,20464.3,1052,327,261.5,261.5
328,1,5,10,0.0,20264.4,20525.9,1052,328,261.5,261.5
329,1,5,10,0.0,20326.0,20587.5,1052,329,261.5,261.5
330,1,5,10,0.0,20387.6,20649.1,1052,330,261.5,261.5
331,1,5,10,0.0,20449.2,20710.7,1052,331,261.5,261.5
332,1,5,10,0.0,20510.8,20772.3,1052,332,261.5,261.5
333,1,5,10,0.0,20572.4,20833.9,1052,333,261.5,261.5
334,1,5,10,0.0,20634.0,20895.5,1052,334,261.5,261.5
335,1,5,10,0.0,20695.6,20957.1,1052,335,261.5,261.5
336,1,5,10,0.0,20757.2,21018.7,1052,336,261.5,261.5
337,1,5,10,0.0,20818.8,21080.3,1052,337,261.5,261.5
338,1,5,10,0.0,20880.4,21141.9,1052,338,261.5,261.5
339,1,5,10,0.0,20942.0,21203.5,1052,339,261.5,261.5
340,1,5,10,0.0,21003.5,21265.1,1052,340,261.59999999999854,261.59999999999854
341,1,5,10,0.0,21065.1,21326.6,1052,341,261.5,261.5
342,1,5,10,0.0,21126.7,21388.2,1052,342,261.5,261.5
343,1,5,10,0.0,21188.3,21449.8,1052,343,261.5,261.5
344,1,5,10,0.0,21249.9,21511.4,1052,344,261.5,261.5
345,1,5,10,0.0,21311.5,21573.0,1052,345,261.5,261.5
346,1,5,10,0.0,21373.1,21634.6,1052,346,261.5,261.5
347,1,5,10,0.0,21434.7,21696.2,1052,347,261.5,261.5
348,1,5,10,0.0,21496.3,21757.8,1052,348,261.5,261.5
349,1,5,10,0.0,21557.9,21819.4,1052,349,261.5,261.5
350,1,5,10,0.0,21619.5,21881.0,1052,350,261.5,261.5
351,1,5,10,0.0,21681.1,21942.6,1052,351,261.5,261.5
352,1,5,10,0.0,21742.7,22004.2,1052,352,261.5,261.5
353,1,5,10,0.0,21804.3,22065.8,1052,353,261.5,261.5
354,1,5,10,0.0,21865.9,22127.4,1052,354,261.5,261.5
355,1,5,10,0.0,21927.5,22189.0,1052,355,261.5,261.5
356,1,5,10,0.0,21989.1,22250.6,1052,356,261.5,261.5
357,1,5,10,0.0,22050.6,22312.2,1052,357,261.6000000000022,261.6000000000022
358,1,5,10,0.0,22112.2,22373.7,1052,358,261.5,261.5
359,1,5,10,0.0,22173.8,22435.3,1052,359,261.5,261.5
360,1,5,10,0.0,22235.4,22496.9,1052,360,261.5,261.5
361,1,5,10,0.0,22297.0,22558.5,1052,361,261.5,261.5
362,1,5,10,0.0,22358.6,22620.1,1052,362,261.5,261.5
363,1,5,10,0.0,22420.2,22681.7,1052,363,261.5,261.5
364,1,5,10,0.0,22481.8,22743.3,1052,364,261.5,261.5
365,1,5,10,0.0,22543.4,22804.9,1052,365,261.5,261.5
366,1,5,10,0.0,22605.0,22866.5,1052,366,261.5,261.5
367,1,5,10,0.0,22666.6,22928.1,1052,367,261.5,261.5
368,1,5,10,0.0,22728.2,22989.7,1052,368,261.5,261.5
369,1,5,10,0.0,22789.8,23051.3,1052,369,261.5,261.5
370,1,5,10,0.0,22851.4,23112.9,1052,370,261.5,261.5
371,1,5,10,0.0,22913.0,23174.5,1052,371,261.5,261.5
372,1,5,10,0.0,22974.6,23236.1,1052,372,261.5,261.5
373,1,5,10,0.0,23036.2,23297.7,1052,373,261.5,261.5
374,1,5,10,0.0,23097.7,23359.3,1052,374,261.59999999999854,261.59999999999854
375,1,5,10,0.0,23159.3,23420.8,1052,375,261.5,261.5
376,1,5,10,0.0,23220.9,23482.4,1052,376,261.5,261.5
377,1,5,10,0.0,23282.5,23544.0,1052,377,261.5,261.5
378,1,5,10,0.0,23344.1,23605.6,1052,378,261.5,261.5
379,1,5,10,0.0,23405.7,23667.2,1052,379,261.5,261.5
380,1,5,10,0.0,23467.3,23728.8,1052,380,261.5,261.5
381,1,5,10,0.0,23528.9,23790.4,1052,381,261.5,261.5
382,1,5,10,0.0,23590.5,23852.0,1052,382,261.5,261.5
383,1,5,10,0.0,23652.1,23913.6,1052,383,261.5,261.5
384,1,5,10,0.0,23713.7,23975.2,1052,384,261.5,261.5
385,1,5,10,0.0,23775.3,24036.8,1052,385,261.5,261.5
386,1,5,10,0.0,23836.9,24098.4,1052,386,261.5,261.5
387,1,5,10,0.0,23898.5,24160.0,1052,387,261.5,261.5
388,1,5,10,0.0,23960.1,24221.6,1052,388,261.5,261.5
389,1,5,10,0.0,24021.7,24283.2,1052,389,261.5,261.5
390,1,5,10,0.0,24083.2,24344.8,1052,390,261.59999999999854,261.59999999999854
391,1,5,10,0.0,24144.8,24406.3,1052,391,261.5,261.5
392,1,5,10,0.0,24206.4,24467.9,1052,392,261.5,261.5
393,1,5,10,0.0,24268.0,24529.5,1052,393,261.5,261.5
394,1,5,10,0.0,24329.6,24591.1,1052,394,261.5,261.5
395,1,5,10,0.0,24391.2,24652.7,1052,395,261.5,261.5
396,1,5,10,0.0,24452.8,24714.3,1052,396,261.5,261.5
397,1,5,10,0.0,24514.4,24775.9,1052,397,261.5,261.5
398,1,5,10,0.0,24576.0,24837.5,1052,398,261.5,261.5
399,1,5,10,0.0,24637.6,24899.1,1052,399,261.5,261.5
400,1,5,10,0.0,24699.2,24960.7,1052,400,261.5,261.5
401,1,5,10,0.0,24760.8,25022.3,1052,401,261.5,261.5
402,1,5,10,0.0,24822.4,25083.9,1052,402,261.5,261.5
403,1,5,10,0.0,24884.0,25145.5,1052,403,261.5,261.5
404,1,5,10,0.0,24945.6,25207.1,1052,404,261.5,261.5
405,1,5,10,0.0,25007.2,25268.7,1052,405,261.5,261.5
406,1,5,10,0.0,25068.8,25330.3,1052,406,261.5,261.5
407,1,5,10,0.0,25130.3,25391.9,1052,407,261.6000000000022,261.6000000000022
408,1,5,10,0.0,25191.9,25453.4,1052,408,261.5,261.5
409,1,5,10,0.0,25253.5,25515.0,1052,409,261.5,261.5
410,1,5,10,0.0,25315.1,25576.6,1052,410,261.5,261.5
411,1,5,10,0.0,25376.7,25638.2,1052,411,261.5,261.5
412,1,5,10,0.0,25438.3,25699.8,1052,412,261.5,261.5
413,1,5,10,0.0,25499.9,25761.4,1052,413,261.5,261.5
414,1,5,10,0.0,25561.5,25823.0,1052,414,261.5,261.5
415,1,5,10,0.0,25623.1,25884.6,1052,415,261.5,261.5
416,1,5,10,0.0,25684.7,25946.2,1052,416,261.5,261.5
417,1,5,10,0.0,25746.3,26007.8,1052,417,261.5,261.5
418,1,5,10,0.0,25807.9,26069.4,1052,418,261.5,261.5
419,1,5,10,0.0,25869.5,26131.0,1052,419,261.5,261.5
420,1,5,10,0.0,25931.1,26192.6,1052,420,261.5,261.5
421,1,5,10,0.0,25992.7,26254.2,1052,421,261.5,261.5
422,1,5,10,0.0,26054.3,26315.8,1052,422,261.5,261.5
423,1,5,10,0.0,26115.8,26377.4,1052,423,261.6000000000022,261.6000000000022
424,1,5,10,0.0,26177.4,26439.0,1052,424,261.59999999999854,261.59999999999854
425,1,5,10,0.0,26239.0,26500.5,1052,425,261.5,261.5
426,1,5,10,0.0,26300.6,26562.1,1052,426,261.5,261.5
427,1,5,10,0.0,26362.2,26623.7,1052,427,261.5,261.5
428,1,5,10,0.0,26423.8,26685.3,1052,428,261.5,261.5
429,1,5,10,0.0,26485.4,26746.9,1052,429,261.5,261.5
430,1,5,10,0.0,26547.0,26808.5,1052,430,261.5,261.5
431,1,5,10,0.0,26608.6,26870.1,1052,431,261.5,261.5
432,1,5,10,0.0,26670.2,26931.7,1052,432,261.5,261.5
433,1,5,10,0.0,26731.8,26993.3,1052,433,261.5,261.5
434,1,5,10,0.0,26793.4,27054.9,1052,434,261.5,261.5
435,1,5,10,0.0,26855.0,27116.5,1052,435,261.5,261.5
436,1,5,10,0.0,26916.6,27178.1,1052,436,261.5,261.5
437,1,5,10,0.0,26978.2,27239.7,1052,437,261.5,261.5
438,1,5,10,0.0,27039.8,27301.3,1052,438,261.5,261.5
439,1,5,10,0.0,27101.4,27362.9,1052,439,261.5,261.5
440,1,5,10,0.0,27162.9,27424.5,1052,440,261.59999999999854,261.59999999999854
441,1,5,10,0.0,27224.5,27486.0,1052,441,261.5,261.5
442,1,5,10,0.0,27286.1,27547.6,1052,442,261.5,261.5
443,1,5,10,0.0,27347.7,27609.2,1052,443,261.5,261.5
444,1,5,10,0.0,27409.3,27670.8,1052,444,261.5,261.5
445,1,5,10,0.0,27470.9,27732.4,1052,445,261.5,261.5
446,1,5,10,0.0,27532.5,27794.0,1052,446,261.5,261.5
447,1,5,10,0.0,27594.1,27855.6,1052,447,261.5,261.5
448,1,5,10,0.0,27655.7,27917.2,1052,448,261.5,261.5
449,1,5,10,0.0,27717.3,27978.8,1052,449,261.5,261.5
450,1,5,10,0.0,27778.9,28040.4,1052,450,261.5,261.5
451,1,5,10,0.0,27840.5,28102.0,1052,451,261.5,261.5
452,1,5,10,0.0,27902.1,28163.6,1052,452,261.5,261.5
453,1,5,10,0.0,27963.7,28225.2,1052,453,261.5,261.5
454,1,5,10,0.0,28025.3,28286.8,1052,454,261.5,261.5
455,1,5,10,0.0,28086.9,28348.4,1052,455,261.5,261.5
456,1,5,10,0.0,28148.5,28410.0,1052,456,261.5,261.5
457,1,5,10,0.0,28210.0,28471.6,1052,457,261.59999999999854,261.59999999999854
458,1,5,10,0.0,28271.6,28533.1,1052,458,261.5,261.5
459,1,5,10,0.0,28333.2,28594.7,1052,459,261.5,261.5
460,1,5,10,0.0,28394.8,28656.3,1052,460,261.5,261.5
461,1,5,10,0.0,28456.4,28717.9,1052,461,261.5,261.5
462,1,5,10,0.0,28518.0,28779.5,1052,462,261.5,261.5
463,1,5,10,0.0,28579.6,28841.1,1052,463,261.5,261.5
464,1,5,10,0.0,28641.2,28902.7,1052,464,261.5,261.5
465,1,5,10,0.0,28702.8,28964.3,1052,465,261.5,261.5
466,1,5,10,0.0,28764.4,29025.9,1052,466,261.5,261.5
467,1,5,10,0.0,28826.0,29087.5,1052,467,261.5,261.5
468,1,5,10,0.0,28887.6,29149.1,1052,468,261.5,261.5
469,1,5,10,0.0,28949.2,29210.7,1052,469,261.5,261.5
470,1,5,10,0.0,29010.8,29272.3,1052,470,261.5,261.5
471,1,5,10,0.0,29072.4,29333.9,1052,471,261.5,261.5
472,1,5,10,0.0,29134.0,29395.5,1052,472,261.5,261.5
473,1,5,10,0.0,29195.5,29457.1,1052,473,261.59999999999854,261.59999999999854
474,1,5,10,0.0,29257.1,29518.6,1052,474,261.5,261.5
475,1,5,10,0.0,29318.7,29580.2,1052,475,261.5,261.5
476,1,5,10,0.0,29380.3,29641.8,1052,476,261.5,261.5
477,1,5,10,0.0,29441.9,29703.4,1052,477,261.5,261.5
478,1,5,10,0.0,29503.5,29765.0,1052,478,261.5,261.5
479,1,5,10,0.0,29565.1,29826.6,1052,479,261.5,261.5
480,1,5,10,0.0,29626.7,29888.2,1052,480,261.5,261.5
481,1,5,10,0.0,29688.3,29949.8,1052,481,261.5,261.5
482,1,5,10,0.0,29749.9,30011.4,1052,482,261.5,261.5
483,1,5,10,0.0,29811.5,30073.0,1052,483,261.5,261.5
484,1,5,10,0.0,29873.1,30134.6,1052,484,261.5,261.5
485,1,5,10,0.0,29934.7,30196.2,1052,485,261.5,261.5
486,1,5,10,0.0,29996.3,30257.8,1052,486,261.5,261.5
487,1,5,10,0.0,30057.9,30319.4,1052,487,261.5,261.5
488,1,5,10,0.0,30119.5,30381.0,1052,488,261.5,261.5
489,1,5,10,0.0,30181.1,30442.6,1052,489,261.5,261.5
490,1,5,10,0.0,30242.6,30504.2,1052,490,261.6000000000022,261.6000000000022
491,1,5,10,0.0,30304.2,30565.7,1052,491,261.5,261.5
492,1,5,10,0.0,30365.8,30627.3,1052,492,261.5,261.5
493,1,5,10,0.0,30427.4,30688.9,1052,493,261.5,261.5
494,1,5,10,0.0,30489.0,30750.5,1052,494,261.5,261.5
495,1,5,10,0.0,30550.6,30812.1,1052,495,261.5,261.5
496,1,5,10,0.0,30612.2,30873.7,1052,496,261.5,261.5
497,1,5,10,0.0,30673.8,30935.3,1052,497,261.5,261.5
498,1,5,10,0.0,30735.4,30996.9,1052,498,261.5,261.5
499,1,5,10,0.0,30797.0,31058.5,1052,499,261.5,261.5
500,1,5,10,0.0,30858.6,31120.1,1052,500,261.5,261.5
501,1,5,10,0.0,30920.2,31181.7,1052,501,261.5,261.5
502,1,5,10,0.0,30981.8,31243.3,1052,502,261.5,261.5
503,1,5,10,0.0,31043.4,31304.9,1052,503,261.5,261.5
504,1,5,10,0.0,31105.0,31366.5,1052,504,261.5,261.5
505,1,5,10,0.0,31166.6,31428.1,1052,505,261.5,261.5
506,1,5,10,0.0,31228.2,31489.7,1052,506,261.5,261.5
507,1,5,10,0.0,31289.7,31551.3,1052,507,261.59999999999854,261.59999999999854
508,1,5,10,0.0,31351.3,31612.8,1052,508,261.5,261.5
509,1,5,10,0.0,31412.9,31674.4,1052,509,261.5,261.5
510,1,5,10,0.0,31474.5,31736.0,1052,510,261.5,261.5
511,1,5,10,0.0,31536.1,31797.6,1052,511,261.5,261.5
512,1,5,10,0.0,31597.7,31859.2,1052,512,261.5,261.5
513,1,5,10,0.0,31659.3,31920.8,1052,513,261.5,261.5
514,1,5,10,0.0,31720.9,31982.4,1052,514,261.5,261.5
515,1,5,10,0.0,31782.5,32044.0,1052,515,261.5,261.5
516,1,5,10,0.0,31844.1,32105.6,1052,516,261.5,261.5
517,1,5,10,0.0,31905.7,32167.2,1052,517,261.5,261.5
518,1,5,10,0.0,31967.3,32228.8,1052,518,261.5,261.5
519,1,5,10,0.0,32028.9,32290.4,1052,519,261.5,261.5
520,1,5,10,0.0,32090.5,32352.0,1052,520,261.5,261.5
521,1,5,10,0.0,32152.1,32413.6,1052,521,261.5,261.5
522,1,5,10,0.0,32213.7,32475.2,1052,522,261.5,261.5
523,1,5,10,0.0,32275.2,32536.8,1052,523,261.59999999999854,261.59999999999854
524,1,5,10,0.0,32336.8,32598.3,1052,524,261.5,261.5
525,1,5,10,0.0,32398.4,32659.9,1052,525,261.5,261.5
526,1,5,10,0.0,32460.0,32721.5,1052,526,261.5,261.5
527,1,5,10,0.0,32521.6,32783.1,1052,527,261.5,261.5
528,1,5,10,0.0,32583.2,32844.7,1052,528,261.49999999999636,261.49999999999636
529,1,5,10,0.0,32644.8,32906.3,1052,529,261.50000000000364,261.50000000000364
530,1,5,10,0.0,32706.4,32967.9,1052,530,261.5,261.5
531,1,5,10,0.0,32768.0,33029.5,1052,531,261.5,261.5
532,1,5,10,0.0,32829.6,33091.1,1052,532,261.5,261.5
533,1,5,10,0.0,32891.2,33152.7,1052,533,261.5,261.5
534,1,5,10,0.0,32952.8,33214.3,1052,534,261.5,261.5
535,1,5,10,0.0,33014.4,33275.9,1052,535,261.5,261.5
536,1,5,10,0.0,33076.0,33337.5,1052,536,261.5,261.5
537,1,5,10,0.0,33137.6,33399.1,1052,537,261.5,261.5
538,1,5,10,0.0,33199.2,33460.7,1052,538,261.5,261.5
539,1,5,10,0.0,33260.8,33522.3,1052,539,261.5,261.5
540,1,5,10,0.0,33322.3,33583.9,1052,540,261.59999999999854,261.59999999999854
541,1,5,10,0.0,33383.9,33645.4,1052,541,261.5,261.5
542,1,5,10,0.0,33445.5,33707.0,1052,542,261.5,261.5
543,1,5,10,0.0,33507.1,33768.6,1052,543,261.5,261.5
544,1,5,10,0.0,33568.7,33830.2,1052,544,261.5,261.5
545,1,5,10,0.0,33630.3,33891.8,1052,545,261.5,261.5
546,1,5,10,0.0,33691.9,33953.4,1052,546,261.5,261.5
547,1,5,10,0.0,33753.5,34015.0,1052,547,261.5,261.5
548,1,5,10,0.0,33815.1,34076.6,1052,548,261.5,261.5
549,1,5,10,0.0,33876.7,34138.2,1052,549,261.5,261.5
550,1,5,10,0.0,33938.3,34199.8,1052,550,261.5,261.5
551,1,5,10,0.0,33999.9,34261.4,1052,551,261.5,261.5
552,1,5,10,0.0,34061.5,34323.0,1052,552,261.5,261.5
553,1,5,10,0.0,34123.1,34384.6,1052,553,261.5,261.5
554,1,5,10,0.0,34184.7,34446.2,1052,554,261.5,261.5
555,1,5,10,0.0,34246.3,34507.8,1052,555,261.5,261.5
556,1,5,10,0.0,34307.8,34569.4,1052,556,261.59999999999854,261.59999999999854
557,1,5,10,0.0,34369.4,34631.0,1052,557,261.59999999999854,261.59999999999854
558,1,5,10,0.0,34431.0,34692.5,1052,558,261.5,261.5
559,1,5,10,0.0,34492.6,34754.1,1052,559,261.5,261.5
560,1,5,10,0.0,34554.2,34815.7,1052,560,261.5,261.5
561,1,5,10,0.0,34615.8,34877.3,1052,561,261.5,261.5
562,1,5,10,0.0,34677.4,34938.9,1052,562,261.5,261.5
563,1,5,10,0.0,34739.0,35000.5,1052,563,261.5,261.5
564,1,5,10,0.0,34800.6,35062.1,1052,564,261.5,261.5
565,1,5,10,0.0,34862.2,35123.7,1052,565,261.5,261.5
566,1,5,10,0.0,34923.8,35185.3,1052,566,261.5,261.5
567,1,5,10,0.0,34985.4,35246.9,1052,567,261.5,261.5
568,1,5,10,0.0,35047.0,35308.5,1052,568,261.5,261.5
569,1,5,10,0.0,35108.6,35370.1,1052,569,261.5,261.5
570,1,5,10,0.0,35170.2,35431.7,1052,570,261.5,261.5
571,1,5,10,0.0,35231.8,35493.3,1052,571,261.5,261.5
572,1,5,10,0.0,35293.4,35554.9,1052,572,261.5,261.5
573,1,5,10,0.0,35354.9,35616.5,1052,573,261.59999999999854,261.59999999999854
574,1,5,10,0.0,35416.5,35678.0,1052,574,261.5,261.5
575,1,5,10,0.0,35478.1,35739.6,1052,575,261.5,261.5
576,1,5,10,0.0,35539.7,35801.2,1052,576,261.5,261.5
577,1,5,10,0.0,35601.3,35862.8,1052,577,261.5,261.5
578,1,5,10,0.0,35662.9,35924.4,1052,578,261.5,261.5
579,1,5,10,0.0,35724.5,35986.0,1052,579,261.5,261.5
580,1,5,10,0.0,35786.1,36047.6,1052,580,261.5,261.5
581,1,5,10,0.0,35847.7,36109.2,1052,581,261.5,261.5
582,1,5,10,0.0,35909.3,36170.8,1052,582,261.5,261.5
583,1,5,10,0.0,35970.9,36232.4,1052,583,261.5,261.5
584,1,5,10,0.0,36032.5,36294.0,1052,584,261.5,261.5
585,1,5,10,0.0,36094.1,36355.6,1052,585,261.5,261.5
586,1,5,10,0.0,36155.7,36417.2,1052,586,261.5,261.5
587,1,5,10,0.0,36217.3,36478.8,1052,587,261.5,261.5
588,1,5,10,0.0,36278.9,36540.4,1052,588,261.5,261.5
589,1,5,10,0.0,36340.5,36602.0,1052,589,261.5,261.5
590,1,5,10,0.0,36402.0,36663.6,1052,590,261.59999999999854,261.59999999999854
591,1,5,10,0.0,36463.6,36725.1,1052,591,261.5,261.5
592,1,5,10,0.0,36525.2,36786.7,1052,592,261.5,261.5
593,1,5,10,0.0,36586.8,36848.3,1052,593,261.5,261.5
594,1,5,10,0.0,36648.4,36909.9,1052,594,261.5,261.5
595,1,5,10,0.0,36710.0,36971.5,1052,595,261.5,261.5
596,1,5,10,0.0,36771.6,37033.1,1052,596,261.5,261.5
597,1,5,10,0.0,36833.2,37094.7,1052,597,261.5,261.5
598,1,5,10,0.0,36894.8,37156.3,1052,598,261.5,261.5
599,1,5,10,0.0,36956.4,37217.9,1052,599,261.5,261.5
600,1,5,10,0.0,37018.0,37279.5,1052,600,261.5,261.5
601,1,5,10,0.0,37079.6,37341.1,1052,601,261.5,261.5
602,1,5,10,0.0,37141.2,37402.7,1052,602,261.5,261.5
603,1,5,10,0.0,37202.8,37464.3,1052,603,261.5,261.5
604,1,5,10,0.0,37264.4,37525.9,1052,604,261.5,261.5
605,1,5,10,0.0,37326.0,37587.5,1052,605,261.5,261.5
606,1,5,10,0.0,37387.5,37649.1,1052,606,261.59999999999854,261.59999999999854
607,1,5,10,0.0,37449.1,37710.6,1052,607,261.5,261.5
608,1,5,10,0.0,37510.7,37772.2,1052,608,261.5,261.5
609,1,5,10,0.0,37572.3,37833.8,1052,609,261.5,261.5
610,1,5,10,0.0,37633.9,37895.4,1052,610,261.5,261.5
611,1,5,10,0.0,37695.5,37957.0,1052,611,261.5,261.5
612,1,5,10,0.0,37757.1,38018.6,1052,612,261.5,261.5
613,1,5,10,0.0,37818.7,38080.2,1052,613,261.5,261.5
614,1,5,10,0.0,37880.3,38141.8,1052,614,261.5,261.5
615,1,5,10,0.0,37941.9,38203.4,1052,615,261.5,261.5
616,1,5,10,0.0,38003.5,38265.0,1052,616,261.5,261.5
617,1,5,10,0.0,38065.1,38326.6,1052,617,261.5,261.5
618,1,5,10,0.0,38126.7,38388.2,1052,618,261.5,261.5
619,1,5,10,0.0,38188.3,38449.8,1052,619,261.5,261.5
620,1,5,10,0.0,38249.9,38511.4,1052,620,261.5,261.5
621,1,5,10,0.0,38311.5,38573.0,1052,621,261.5,261.5
622,1,5,10,0.0,38373.1,38634.6,1052,622,261.5,261.5
623,1,5,10,0.0,38434.6,38696.2,1052,623,261.59999999999854,261.59999999999854
624,1,5,10,0.0,38496.2,38757.7,1052,624,261.5,261.5
625,1,5,10,0.0,38557.8,38819.3,1052,625,261.5,261.5
626,1,5,10,0.0,38619.4,38880.9,1052,626,261.5,261.5
627,1,5,10,0.0,38681.0,38942.5,1052,627,261.5,261.5
628,1,5,10,0.0,38742.6,39004.1,1052,628,261.5,261.5
629,1,5,10,0.0,38804.2,39065.7,1052,629,261.5,261.5
630,1,5,10,0.0,38865.8,39127.3,1052,630,261.5,261.5
631,1,5,10,0.0,38927.4,39188.9,1052,631,261.5,261.5
632,1,5,10,0.0,38989.0,39250.5,1052,632,261.5,261.5
633,1,5,10,0.0,39050.6,39312.1,1052,633,261.5,261.5
634,1,5,10,0.0,39112.2,39373.7,1052,634,261.5,261.5
635,1,5,10,0.0,39173.8,39435.3,1052,635,261.5,261.5
636,1,5,10,0.0,39235.4,39496.9,1052,636,261.5,261.5
637,1,5,10,0.0,39297.0,39558.5,1052,637,261.5,261.5
638,1,5,10,0.0,39358.6,39620.1,1052,638,261.5,261.5
639,1,5,10,0.0,39420.2,39681.7,1052,639,261.5,261.5
640,1,5,10,0.0,39481.7,39743.3,1052,640,261.6000000000058,261.6000000000058
641,1,5,10,0.0,39543.3,39804.8,1052,641,261.5,261.5
642,1,5,10,0.0,39604.9,39866.4,1052,642,261.5,261.5
643,1,5,10,0.0,39666.5,39928.0,1052,643,261.5,261.5
644,1,5,10,0.0,39728.1,39989.6,1052,644,261.5,261.5
645,1,5,10,0.0,39789.7,40051.2,1052,645,261.5,261.5
646,1,5,10,0.0,39851.3,40112.8,1052,646,261.5,261.5
647,1,5,10,0.0,39912.9,40174.4,1052,647,261.5,261.5
648,1,5,10,0.0,39974.5,40236.0,1052,648,261.5,261.5
649,1,5,10,0.0,40036.1,40297.6,1052,649,261.5,261.5
650,1,5,10,0.0,40097.7,40359.2,1052,650,261.5,261.5
651,1,5,10,0.0,40159.3,40420.8,1052,651,261.5,261.5
652,1,5,10,0.0,40220.9,40482.4,1052,652,261.5,261.5
653,1,5,10,0.0,40282.5,40544.0,1052,653,261.5,261.5
654,1,5,10,0.0,40344.1,40605.6,1052,654,261.5,261.5
655,1,5,10,0.0,40405.7,40667.2,1052,655,261.5,261.5
656,1,5,10,0.0,40467.2,40728.8,1052,656,261.6000000000058,261.6000000000058
657,1,5,10,0.0,40528.8,40790.3,1052,657,261.5,261.5
658,1,5,10,0.0,40590.4,40851.9,1052,658,261.5,261.5
659,1,5,10,0.0,40652.0,40913.5,1052,659,261.5,261.5
660,1,5,10,0.0,40713.6,40975.1,1052,660,261.5,261.5
661,1,5,10,0.0,40775.2,41036.7,1052,661,261.5,261.5
662,1,5,10,0.0,40836.8,41098.3,1052,662,261.5,261.5
663,1,5,10,0.0,40898.4,41159.9,1052,663,261.5,261.5
664,1,5,10,0.0,40960.0,41221.5,1052,664,261.5,261.5
665,1,5,10,0.0,41021.6,41283.1,1052,665,261.5,261.5
666,1,5,10,0.0,41083.2,41344.7,1052,666,261.5,261.5
667,1,5,10,0.0,41144.8,41406.3,1052,667,261.5,261.5
668,1,5,10,0.0,41206.4,41467.9,1052,668,261.5,261.5
669,1,5,10,0.0,41268.0,41529.5,1052,669,261.5,261.5
670,1,5,10,0.0,41329.6,41591.1,1052,670,261.5,261.5
671,1,5,10,0.0,41391.2,41652.7,1052,671,261.5,261.5
672,1,5,10,0.0,41452.8,41714.3,1052,672,261.5,261.5
673,1,5,10,0.0,41514.3,41775.9,1052,673,261.59999999999854,261.59999999999854
674,1,5,10,0.0,41575.9,41837.4,1052,674,261.5,261.5
675,1,5,10,0.0,41637.5,41899.0,1052,675,261.5,261.5
676,1,5,10,0.0,41699.1,41960.6,1052,676,261.5,261.5
677,1,5,10,0.0,41760.7,42022.2,1052,677,261.5,261.5
678,1,5,10,0.0,41822.3,42083.8,1052,678,261.5,261.5
679,1,5,10,0.0,41883.9,42145.4,1052,679,261.5,261.5
680,1,5,10,0.0,41945.5,42207.0,1052,680,261.5,261.5
681,1,5,10,0.0,42007.1,42268.6,1052,681,261.5,261.5
682,1,5,10,0.0,42068.7,42330.2,1052,682,261.5,261.5
683,1,5,10,0.0,42130.3,42391.8,1052,683,261.5,261.5
684,1,5,10,0.0,42191.9,42453.4,1052,684,261.5,261.5
685,1,5,10,0.0,42253.5,42515.0,1052,685,261.5,261.5
686,1,5,10,0.0,42315.1,42576.6,1052,686,261.5,261.5
687,1,5,10,0.0,42376.7,42638.2,1052,687,261.5,261.5
688,1,5,10,0.0,42438.3,42699.8,1052,688,261.5,261.5
689,1,5,10,0.0,42499.8,42761.4,1052,689,261.59999999999854,261.59999999999854
690,1,5,10,0.0,42561.4,42823.0,1052,690,261.59999999999854,261.59999999999854
691,1,5,10,0.0,42623.0,42884.5,1052,691,261.5,261.5
692,1,5,10,0.0,42684.6,42946.1,1052,692,261.5,261.5
693,1,5,10,0.0,42746.2,43007.7,1052,693,261.5,261.5
694,1,5,10,0.0,42807.8,43069.3,1052,694,261.5,261.5
695,1,5,10,0.0,42869.4,43130.9,1052,695,261.5,261.5
696,1,5,10,0.0,42931.0,43192.5,1052,696,261.5,261.5
697,1,5,10,0.0,42992.6,43254.1,1052,697,261.5,261.5
698,1,5,10,0.0,43054.2,43315.7,1052,698,261.5,261.5
699,1,5,10,0.0,43115.8,43377.3,1052,699,261.5,261.5
700,1,5,10,0.0,43177.4,43438.9,1052,700,261.5,261.5
701,1,5,10,0.0,43239.0,43500.5,1052,701,261.5,261.5
702,1,5,10,0.0,43300.6,43562.1,1052,702,261.5,261.5
703,1,5,10,0.0,43362.2,43623.7,1052,703,261.5,261.5
704,1,5,10,0.0,43423.8,43685.3,1052,704,261.5,261.5
705,1,5,10,0.0,43485.4,43746.9,1052,705,261.5,261.5
706,1,5,10,0.0,43546.9,43808.5,1052,706,261.59999999999854,261.59999999999854
707,1,5,10,0.0,43608.5,43870.0,1052,707,261.5,261.5
708,1,5,10,0.0,43670.1,43931.6,1052,708,261.5,261.5
709,1,5,10,0.0,43731.7,43993.2,1052,709,261.5,261.5
710,1,5,10,0.0,43793.3,44054.8,1052,710,261.5,261.5
711,1,5,10,0.0,43854.9,44116.4,1052,711,261.5,261.5
712,1,5,10,0.0,43916.5,44178.0,1052,712,261.5,261.5
713,1,5,10,0.0,43978.1,44239.6,1052,713,261.5,261.5
714,1,5,10,0.0,44039.7,44301.2,1052,714,261.5,261.5
715,1,5,10,0.0,44101.3,44362.8,1052,715,261.5,261.5
716,1,5,10,0.0,44162.9,44424.4,1052,716,261.5,261.5
717,1,5,10,0.0,44224.5,44486.0,1052,717,261.5,261.5
718,1,5,10,0.0,44286.1,44547.6,1052,718,261.5,261.5
719,1,5,10,0.0,44347.7,44609.2,1052,719,261.5,261.5
720,1,5,10,0.0,44409.3,44670.8,1052,720,261.5,261.5
721,1,5,10,0.0,44470.9,44732.4,1052,721,261.5,261.5
722,1,5,10,0.0,44532.5,44794.0,1052,722,261.5,261.5
723,1,5,10,0.0,44594.0,44855.6,1052,723,261.59999999999854,261.59999999999854
724,1,5,10,0.0,44655.6,44917.1,1052,724,261.5,261.5
725,1,5,10,0.0,44717.2,44978.7,1052,725,261.5,261.5
726,1,5,10,0.0,44778.8,45040.3,1052,726,261.5,261.5
727,1,5,10,0.0,44840.4,45101.9,1052,727,261.5,261.5
728,1,5,10,0.0,44902.0,45163.5,1052,728,261.5,261.5
729,1,5,10,0.0,44963.6,45225.1,1052,729,261.5,261.5
730,1,5,10,0.0,45025.2,45286.7,1052,730,261.5,261.5
731,1,5,10,0.0,45086.8,45348.3,1052,731,261.5,261.5
732,1,5,10,0.0,45148.4,45409.9,1052,732,261.5,261.5
733,1,5,10,0.0,45210.0,45471.5,1052,733,261.5,261.5
734,1,5,10,0.0,45271.6,45533.1,1052,734,261.5,261.5
735,1,5,10,0.0,45333.2,45594.7,1052,735,261.5,261.5
736,1,5,10,0.0,45394.8,45656.3,1052,736,261.5,261.5
737,1,5,10,0.0,45456.4,45717.9,1052,737,261.5,261.5
738,1,5,10,0.0,45518.0,45779.5,1052,738,261.5,261.5
739,1,5,10,0.0,45579.5,45841.1,1052,739,261.59999999999854,261.59999999999854
740,1,5,10,0.0,45641.1,45902.6,1052,740,261.5,261.5
741,1,5,10,0.0,45702.7,45964.2,1052,741,261.5,261.5
742,1,5,10,0.0,45764.3,46025.8,1052,742,261.5,261.5
743,1,5,10,0.0,45825.9,46087.4,1052,743,261.5,261.5
744,1,5,10,0.0,45887.5,46149.0,1052,744,261.5,261.5
745,1,5,10,0.0,45949.1,46210.6,1052,745,261.5,261.5
746,1,5,10,0.0,46010.7,46272.2,1052,746,261.5,261.5
747,1,5,10,0.0,46072.3,46333.8,1052,747,261.5,261.5
748,1,5,10,0.0,46133.9,46395.4,1052,748,261.5,261.5
749,1,5,10,0.0,46195.5,46457.0,1052,749,261.5,261.5
750,1,5,10,0.0,46257.1,46518.6,1052,750,261.5,261.5
751,1,5,10,0.0,46318.7,46580.2,1052,751,261.5,261.5
752,1,5,10,0.0,46380.3,46641.8,1052,752,261.5,261.5
753,1,5,10,0.0,46441.9,46703.4,1052,753,261.5,261.5
754,1,5,10,0.0,46503.5,46765.0,1052,754,261.5,261.5
755,1,5,10,0.0,46565.1,46826.6,1052,755,261.5,261.5
756,1,5,10,0.0,46626.6,46888.2,1052,756,261.59999999999854,261.59999999999854
757,1,5,10,0.0,46688.2,46949.7,1052,757,261.5,261.5
758,1,5,10,0.0,46749.8,47011.3,1052,758,261.5,261.5
759,1,5,10,0.0,46811.4,47072.9,1052,759,261.5,261.5
760,1,5,10,0.0,46873.0,47134.5,1052,760,261.5,261.5
761,1,5,10,0.0,46934.6,47196.1,1052,761,261.5,261.5
762,1,5,10,0.0,46996.2,47257.7,1052,762,261.5,261.5
763,1,5,10,0.0,47057.8,47319.3,1052,763,261.5,261.5
764,1,5,10,0.0,47119.4,47380.9,1052,764,261.5,261.5
765,1,5,10,0.0,47181.0,47442.5,1052,765,261.5,261.5
766,1,5,10,0.0,47242.6,47504.1,1052,766,261.5,261.5
767,1,5,10,0.0,47304.2,47565.7,1052,767,261.5,261.5
768,1,5,10,0.0,47365.8,47627.3,1052,768,261.5,261.5
769,1,5,10,0.0,47427.4,47688.9,1052,769,261.5,261.5
770,1,5,10,0.0,47489.0,47750.5,1052,770,261.5,261.5
771,1,5,10,0.0,47550.6,47812.1,1052,771,261.5,261.5
772,1,5,10,0.0,47612.2,47873.7,1052,772,261.5,261.5
773,1,5,10,0.0,47673.7,47935.3,1052,773,261.6000000000058,261.6000000000058
774,1,5,10,0.0,47735.3,47996.8,1052,774,261.5,261.5
775,1,5,10,0.0,47796.9,48058.4,1052,775,261.5,261.5
776,1,5,10,0.0,47858.5,48120.0,1052,776,261.5,261.5
777,1,5,10,0.0,47920.1,48181.6,1052,777,261.5,261.5
778,1,5,10,0.0,47981.7,48243.2,1052,778,261.5,261.5
779,1,5,10,0.0,48043.3,48304.8,1052,779,261.5,261.5
780,1,5,10,0.0,48104.9,48366.4,1052,780,261.5,261.5
781,1,5,10,0.0,48166.5,48428.0,1052,781,261.5,261.5
782,1,5,10,0.0,48228.1,48489.6,1052,782,261.5,261.5
783,1,5,10,0.0,48289.7,48551.2,1052,783,261.5,261.5
784,1,5,10,0.0,48351.3,48612.8,1052,784,261.5,261.5
785,1,5,10,0.0,48412.9,48674.4,1052,785,261.5,261.5
786,1,5,10,0.0,48474.5,48736.0,1052,786,261.5,261.5
787,1,5,10,0.0,48536.1,48797.6,1052,787,261.5,261.5
788,1,5,10,0.0,48597.7,48859.2,1052,788,261.5,261.5
789,1,5,10,0.0,48659.2,48920.8,1052,789,261.6000000000058,261.6000000000058
790,1,5,10,0.0,48720.8,48982.3,1052,790,261.5,261.5
791,1,5,10,0.0,48782.4,49043.9,1052,791,261.5,261.5
792,1,5,10,0.0,48844.0,49105.5,1052,792,261.5,261.5
793,1,5,10,0.0,48905.6,49167.1,1052,793,261.5,261.5
794,1,5,10,0.0,48967.2,49228.7,1052,794,261.5,261.5
795,1,5,10,0.0,49028.8,49290.3,1052,795,261.5,261.5
796,1,5,10,0.0,49090.4,49351.9,1052,796,261.5,261.5
797,1,5,10,0.0,49152.0,49413.5,1052,797,261.5,261.5
798,1,5,10,0.0,49213.6,49475.1,1052,798,261.5,261.5
799,1,5,10,0.0,49275.2,49536.7,1052,799,261.5,261.5
800,1,5,10,0.0,49336.8,49598.3,1052,800,261.5,261.5
801,1,5,10,0.0,49398.4,49659.9,1052,801,261.5,261.5
802,1,5,10,0.0,49460.0,49721.5,1052,802,261.5,261.5
803,1,5,10,0.0,49521.6,49783.1,1052,803,261.5,261.5
804,1,5,10,0.0,49583.2,49844.7,1052,804,261.5,261.5
805,1,5,10,0.0,49644.8,49906.3,1052,805,261.5,261.5
806,1,5,10,0.0,49706.3,49967.9,1052,806,261.59999999999854,261.59999999999854
807,1,5,10,0.0,49767.9,50029.4,1052,807,261.5,261.5
808,1,5,10,0.0,49829.5,50091.0,1052,808,261.5,261.5
809,1,5,10,0.0,49891.1,50152.6,1052,809,261.5,261.5
810,1,5,10,0.0,49952.7,50214.2,1052,810,261.5,261.5
811,1,5,10,0.0,50014.3,50275.8,1052,811,261.5,261.5
812,1,5,10,0.0,50075.9,50337.4,1052,812,261.5,261.5
813,1,5,10,0.0,50137.5,50399.0,1052,813,261.5,261.5
814,1,5,10,0.0,50199.1,50460.6,1052,814,261.5,261.5
815,1,5,10,0.0,50260.7,50522.2,1052,815,261.5,261.5
816,1,5,10,0.0,50322.3,50583.8,1052,816,261.5,261.5
817,1,5,10,0.0,50383.9,50645.4,1052,817,261.5,261.5
818,1,5,10,0.0,50445.5,50707.0,1052,818,261.5,261.5
819,1,5,10,0.0,50507.1,50768.6,1052,819,261.5,261.5
820,1,5,10,0.0,50568.7,50830.2,1052,820,261.5,261.5
821,1,5,10,0.0,50630.3,50891.8,1052,821,261.5,261.5
822,1,5,10,0.0,50691.8,50953.4,1052,822,261.59999999999854,261.59999999999854
823,1,5,10,0.0,50753.4,51015.0,1052,823,261.59999999999854,261.59999999999854
824,1,5,10,0.0,50815.0,51076.5,1052,824,261.5,261.5
825,1,5,10,0.0,50876.6,51138.1,1052,825,261.5,261.5
826,1,5,10,0.0,50938.2,51199.7,1052,826,261.5,261.5
827,1,5,10,0.0,50999.8,51261.3,1052,827,261.5,261.5
828,1,5,10,0.0,51061.4,51322.9,1052,828,261.5,261.5
829,1,5,10,0.0,51123.0,51384.5,1052,829,261.5,261.5
830,1,5,10,0.0,51184.6,51446.1,1052,830,261.5,261.5
831,1,5,10,0.0,51246.2,51507.7,1052,831,261.5,261.5
832,1,5,10,0.0,51307.8,51569.3,1052,832,261.5,261.5
833,1,5,10,0.0,51369.4,51630.9,1052,833,261.5,261.5
834,1,5,10,0.0,51431.0,51692.5,1052,834,261.5,261.5
835,1,5,10,0.0,51492.6,51754.1,1052,835,261.5,261.5
836,1,5,10,0.0,51554.2,51815.7,1052,836,261.5,261.5
837,1,5,10,0.0,51615.8,51877.3,1052,837,261.5,261.5
838,1,5,10,0.0,51677.4,51938.9,1052,838,261.5,261.5
839,1,5,10,0.0,51738.9,52000.5,1052,839,261.59999999999854,261.59999999999854
840,1,5,10,0.0,51800.5,52062.0,1052,840,261.5,261.5
841,1,5,10,0.0,51862.1,52123.6,1052,841,261.5,261.5
842,1,5,10,0.0,51923.7,52185.2,1052,842,261.5,261.5
843,1,5,10,0.0,51985.3,52246.8,1052,843,261.5,261.5
844,1,5,10,0.0,52046.9,52308.4,1052,844,261.5,261.5
845,1,5,10,0.0,52108.5,52370.0,1052,845,261.5,261.5
846,1,5,10,0.0,52170.1,52431.6,1052,846,261.5,261.5
847,1,5,10,0.0,52231.7,52493.2,1052,847,261.5,261.5
848,1,5,10,0.0,52293.3,52554.8,1052,848,261.5,261.5
849,1,5,10,0.0,52354.9,52616.4,1052,849,261.5,261.5
850,1,5,10,0.0,52416.5,52678.0,1052,850,261.5,261.5
851,1,5,10,0.0,52478.1,52739.6,1052,851,261.5,261.5
852,1,5,10,0.0,52539.7,52801.2,1052,852,261.5,261.5
853,1,5,10,0.0,52601.3,52862.8,1052,853,261.5,261.5
854,1,5,10,0.0,52662.9,52924.4,1052,854,261.5,261.5
855,1,5,10,0.0,52724.5,52986.0,1052,855,261.5,261.5
856,1,5,10,0.0,52786.0,53047.6,1052,856,261.59999999999854,261.59999999999854
857,1,5,10,0.0,52847.6,53109.1,1052,857,261.5,261.5
858,1,5,10,0.0,52909.2,53170.7,1052,858,261.5,261.5
859,1,5,10,0.0,52970.8,53232.3,1052,859,261.5,261.5
860,1,5,10,0.0,53032.4,53293.9,1052,860,261.5,261.5
861,1,5,10,0.0,53094.0,53355.5,1052,861,261.5,261.5
862,1,5,10,0.0,53155.6,53417.1,1052,862,261.5,261.5
863,1,5,10,0.0,53217.2,53478.7,1052,863,261.5,261.5
864,1,5,10,0.0,53278.8,53540.3,1052,864,261.5,261.5
865,1,5,10,0.0,53340.4,53601.9,1052,865,261.5,261.5
866,1,5,10,0.0,53402.0,53663.5,1052,866,261.5,261.5
867,1,5,10,0.0,53463.6,53725.1,1052,867,261.5,261.5
868,1,5,10,0.0,53525.2,53786.7,1052,868,261.5,261.5
869,1,5,10,0.0,53586.8,53848.3,1052,869,261.5,261.5
870,1,5,10,0.0,53648.4,53909.9,1052,870,261.5,261.5
871,1,5,10,0.0,53710.0,53971.5,1052,871,261.5,261.5
872,1,5,10,0.0,53771.5,54033.1,1052,872,261.59999999999854,261.59999999999854
873,1,5,10,0.0,53833.1,54094.6,1052,873,261.5,261.5
874,1,5,10,0.0,53894.7,54156.2,1052,874,261.5,261.5
875,1,5,10,0.0,53956.3,54217.8,1052,875,261.5,261.5
876,1,5,10,0.0,54017.9,54279.4,1052,876,261.5,261.5
877,1,5,10,0.0,54079.5,54341.0,1052,877,261.5,261.5
878,1,5,10,0.0,54141.1,54402.6,1052,878,261.5,261.5
879,1,5,10,0.0,54202.7,54464.2,1052,879,261.5,261.5
880,1,5,10,0.0,54264.3,54525.8,1052,880,261.5,261.5
881,1,5,10,0.0,54325.9,54587.4,1052,881,261.5,261.5
882,1,5,10,0.0,54387.5,54649.0,1052,882,261.5,261.5
883,1,5,10,0.0,54449.1,54710.6,1052,883,261.5,261.5
884,1,5,10,0.0,54510.7,54772.2,1052,884,261.5,261.5
885,1,5,10,0.0,54572.3,54833.8,1052,885,261.5,261.5
886,1,5,10,0.0,54633.9,54895.4,1052,886,261.5,261.5
887,1,5,10,0.0,54695.5,54957.0,1052,887,261.5,261.5
888,1,5,10,0.0,54757.1,55018.6,1052,888,261.5,261.5
889,1,5,10,0.0,54818.6,55080.2,1052,889,261.59999999999854,261.59999999999854
890,1,5,10,0.0,54880.2,55141.7,1052,890,261.5,261.5
891,1,5,10,0.0,54941.8,55203.3,1052,891,261.5,261.5
892,1,5,10,0.0,55003.4,55264.9,1052,892,261.5,261.5
893,1,5,10,0.0,55065.0,55326.5,1052,893,261.5,261.5
894,1,5,10,0.0,55126.6,55388.1,1052,894,261.5,261.5
895,1,5,10,0.0,55188.2,55449.7,1052,895,261.5,261.5
896,1,5,10,0.0,55249.8,55511.3,1052,896,261.5,261.5
897,1,5,10,0.0,55311.4,55572.9,1052,897,261.5,261.5
898,1,5,10,0.0,55373.0,55634.5,1052,898,261.5,261.5
899,1,5,10,0.0,55434.6,55696.1,1052,899,261.5,261.5
900,1,5,10,0.0,55496.2,55757.7,1052,900,261.5,261.5
901,1,5,10,0.0,55557.8,55819.3,1052,901,261.5,261.5
902,1,5,10,0.0,55619.4,55880.9,1052,902,261.5,261.5
903,1,5,10,0.0,55681.0,55942.5,1052,903,261.5,261.5
904,1,5,10,0.0,55742.6,56004.1,1052,904,261.5,261.5
905,1,5,10,0.0,55804.2,56065.7,1052,905,261.5,261.5
906,1,5,10,0.0,55865.7,56127.3,1052,906,261.6000000000058,261.6000000000058
907,1,5,10,0.0,55927.3,56188.8,1052,907,261.5,261.5
908,1,5,10,0.0,55988.9,56250.4,1052,908,261.5,261.5
909,1,5,10,0.0,56050.5,56312.0,1052,909,261.5,261.5
910,1,5,10,0.0,56112.1,56373.6,1052,910,261.5,261.5
911,1,5,10,0.0,56173.7,56435.2,1052,911,261.5,261.5
912,1,5,10,0.0,56235.3,56496.8,1052,912,261.5,261.5
913,1,5,10,0.0,56296.9,56558.4,1052,913,261.5,261.5
914,1,5,10,0.0,56358.5,56620.0,1052,914,261.5,261.5
915,1,5,10,0.0,56420.1,56681.6,1052,915,261.5,261.5
916,1,5,10,0.0,56481.7,56743.2,1052,916,261.5,261.5
917,1,5,10,0.0,56543.3,56804.8,1052,917,261.5,261.5
918,1,5,10,0.0,56604.9,56866.4,1052,918,261.5,261.5
919,1,5,10,0.0,56666.5,56928.0,1052,919,261.5,261.5
920,1,5,10,0.0,56728.1,56989.6,1052,920,261.5,261.5
921,1,5,10,0.0,56789.7,57051.2,1052,921,261.5,261.5
922,1,5,10,0.0,56851.2,57112.8,1052,922,261.6000000000058,261.6000000000058
923,1,5,10,0.0,56912.8,57174.3,1052,923,261.5,261.5
924,1,5,10,0.0,56974.4,57235.9,1052,924,261.5,261.5
925,1,5,10,0.0,57036.0,57297.5,1052,925,261.5,261.5
926,1,5,10,0.0,57097.6,57359.1,1052,926,261.5,261.5
927,1,5,10,0.0,57159.2,57420.7,1052,927,261.5,261.5
928,1,5,10,0.0,57220.8,57482.3,1052,928,261.5,261.5
929,1,5,10,0.0,57282.4,57543.9,1052,929,261.5,261.5
930,1,5,10,0.0,57344.0,57605.5,1052,930,261.5,261.5
931,1,5,10,0.0,57405.6,57667.1,1052,931,261.5,261.5
932,1,5,10,0.0,57467.2,57728.7,1052,932,261.5,261.5
933,1,5,10,0.0,57528.8,57790.3,1052,933,261.5,261.5
934,1,5,10,0.0,57590.4,57851.9,1052,934,261.5,261.5
935,1,5,10,0.0,57652.0,57913.5,1052,935,261.5,261.5
936,1,5,10,0.0,57713.6,57975.1,1052,936,261.5,261.5
937,1,5,10,0.0,57775.2,58036.7,1052,937,261.5,261.5
938,1,5,10,0.0,57836.8,58098.3,1052,938,261.5,261.5
939,1,5,10,0.0,57898.3,58159.9,1052,939,261.59999999999854,261.59999999999854
940,1,5,10,0.0,57959.9,58221.4,1052,940,261.5,261.5
941,1,5,10,0.0,58021.5,58283.0,1052,941,261.5,261.5
942,1,5,10,0.0,58083.1,58344.6,1052,942,261.5,261.5
943,1,5,10,0.0,58144.7,58406.2,1052,943,261.5,261.5
944,1,5,10,0.0,58206.3,58467.8,1052,944,261.5,261.5
945,1,5,10,0.0,58267.9,58529.4,1052,945,261.5,261.5
946,1,5,10,0.0,58329.5,58591.0,1052,946,261.5,261.5
947,1,5,10,0.0,58391.1,58652.6,1052,947,261.5,261.5
948,1,5,10,0.0,58452.7,58714.2,1052,948,261.5,261.5
949,1,5,10,0.0,58514.3,58775.8,1052,949,261.5,261.5
950,1,5,10,0.0,58575.9,58837.4,1052,950,261.5,261.5
951,1,5,10,0.0,58637.5,58899.0,1052,951,261.5,261.5
952,1,5,10,0.0,58699.1,58960.6,1052,952,261.5,261.5
953,1,5,10,0.0,58760.7,59022.2,1052,953,261.5,261.5
954,1,5,10,0.0,58822.3,59083.8,1052,954,261.5,261.5
955,1,5,10,0.0,58883.8,59145.4,1052,955,261.59999999999854,261.59999999999854
956,1,5,10,0.0,58945.4,59207.0,1052,956,261.59999999999854,261.59999999999854
957,1,5,10,0.0,59007.0,59268.5,1052,957,261.5,261.5
958,1,5,10,0.0,59068.6,59330.1,1052,958,261.5,261.5
959,1,5,10,0.0,59130.2,59391.7,1052,959,261.5,261.5
960,1,5,10,0.0,59191.8,59453.3,1052,960,261.5,261.5
961,1,5,10,0.0,59253.4,59514.9,1052,961,261.5,261.5
962,1,5,10,0.0,59315.0,59576.5,1052,962,261.5,261.5
963,1,5,10,0.0,59376.6,59638.1,1052,963,261.5,261.5
964,1,5,10,0.0,59438.2,59699.7,1052,964,261.5,261.5
965,1,5,10,0.0,59499.8,59761.3,1052,965,261.5,261.5
966,1,5,10,0.0,59561.4,59822.9,1052,966,261.5,261.5
967,1,5,10,0.0,59623.0,59884.5,1052,967,261.5,261.5
968,1,5,10,0.0,59684.6,59946.1,1052,968,261.5,261.5
969,1,5,10,0.0,59746.2,60007.7,1052,969,261.5,261.5
970,1,5,10,0.0,59807.8,60069.3,1052,970,261.5,261.5
971,1,5,10,0.0,59869.4,60130.9,1052,971,261.5,261.5
972,1,5,10,0.0,59930.9,60192.5,1052,972,261.59999999999854,261.59999999999854
973,1,5,10,0.0,59992.5,60254.0,1052,973,261.5,261.5
974,1,5,10,0.0,60054.1,60315.6,1052,974,261.5,261.5
975,1,5,10,0.0,60115.7,60377.2,1052,975,261.5,261.5
976,1,5,10,0.0,60177.3,60438.8,1052,976,261.5,261.5
977,1,5,10,0.0,60238.9,60500.4,1052,977,261.5,261.5
978,1,5,10,0.0,60300.5,60562.0,1052,978,261.5,261.5
979,1,5,10,0.0,60362.1,60623.6,1052,979,261.5,261.5
980,1,5,10,0.0,60423.7,60685.2,1052,980,261.5,261.5
981,1,5,10,0.0,60485.3,60746.8,1052,981,261.5,261.5
982,1,5,10,0.0,60546.9,60808.4,1052,982,261.5,261.5
983,1,5,10,0.0,60608.5,60870.0,1052,983,261.5,261.5
984,1,5,10,0.0,60670.1,60931.6,1052,984,261.5,261.5
985,1,5,10,0.0,60731.7,60993.2,1052,985,261.5,261.5
986,1,5,10,0.0,60793.3,61054.8,1052,986,261.5,261.5
987,1,5,10,0.0,60854.9,61116.4,1052,987,261.5,261.5
988,1,5,10,0.0,60916.5,61178.0,1052,988,261.5,261.5
989,1,5,10,0.0,60978.0,61239.6,1052,989,261.59999999999854,261.59999999999854
990,1,5,10,0.0,61039.6,61301.1,1052,990,261.5,261.5
991,1,5,10,0.0,61101.2,61362.7,1052,991,261.5,261.5
992,1,5,10,0.0,61162.8,61424.3,1052,992,261.5,261.5
993,1,5,10,0.0,61224.4,61485.9,1052,993,261.5,261.5
994,1,5,10,0.0,61286.0,61547.5,1052,994,261.5,261.5
995,1,5,10,0.0,61347.6,61609.1,1052,995,261.5,261.5
996,1,5,10,0.0,61409.2,61670.7,1052,996,261.5,261.5
997,1,5,10,0.0,61470.8,61732.3,1052,997,261.5,261.5
998,1,5,10,0.0,61532.4,61793.9,1052,998,261.5,261.5
999,1,5,10,0.0,61594.0,61855.5,1052,999,261.5,261.5
1000,1,5,10,0.0,61655.6,61917.1,1052,1000,261.5,261.5
1001,1,5,10,0.0,61717.2,61978.7,1052,1001,261.5,261.5
1002,1,5,10,0.0,61778.8,62040.3,1052,1002,261.5,261.5
1003,1,5,10,0.0,61840.4,62101.9,1052,1003,261.5,261.5
1004,1,5,10,0.0,61902.0,62163.5,1052,1004,261.5,261.5
1005,1,5,10,0.0,61963.5,62225.1,1052,1005,261.59999999999854,261.59999999999854
1006,1,5,10,0.0,62025.1,62286.6,1052,1006,261.5,261.5
1007,1,5,10,0.0,62086.7,62348.2,1052,1007,261.5,261.5
1008,1,5,10,0.0,62148.3,62409.8,1052,1008,261.5,261.5
1009,1,5,10,0.0,62209.9,62471.4,1052,1009,261.5,261.5
1010,1,5,10,0.0,62271.5,62533.0,1052,1010,261.5,261.5
1011,1,5,10,0.0,62333.1,62594.6,1052,1011,261.5,261.5
1012,1,5,10,0.0,62394.7,62656.2,1052,1012,261.5,261.5
1013,1,5,10,0.0,62456.3,62717.8,1052,1013,261.5,261.5
1014,1,5,10,0.0,62517.9,62779.4,1052,1014,261.5,261.5
1015,1,5,10,0.0,62579.5,62841.0,1052,1015,261.5,261.5
1016,1,5,10,0.0,62641.1,62902.6,1052,1016,261.5,261.5
1017,1,5,10,0.0,62702.7,62964.2,1052,1017,261.5,261.5
1018,1,5,10,0.0,62764.3,63025.8,1052,1018,261.5,261.5
1019,1,5,10,0.0,62825.9,63087.4,1052,1019,261.5,261.5
1020,1,5,10,0.0,62887.5,63149.0,1052,1020,261.5,261.5
1021,1,5,10,0.0,62949.1,63210.6,1052,1021,261.5,261.5
1022,1,5,10,0.0,63010.6,63272.2,1052,1022,261.59999999999854,261.59999999999854
1023,1,5,10,0.0,63072.2,63333.7,1052,1023,261.5,261.5
1024,1,5,10,0.0,63133.8,63395.3,1052,1024,261.5,261.5
1025,1,5,10,0.0,63195.4,63456.9,1052,1025,261.5,261.5
1026,1,5,10,0.0,63257.0,63518.5,1052,1026,261.5,261.5
1027,1,5,10,0.0,63318.6,63580.1,1052,1027,261.5,261.5
1028,1,5,10,0.0,63380.2,63641.7,1052,1028,261.5,261.5
1029,1,5,10,0.0,63441.8,63703.3,1052,1029,261.5,261.5
1030,1,5,10,0.0,63503.4,63764.9,1052,1030,261.5,261.5
1031,1,5,10,0.0,63565.0,63826.5,1052,1031,261.5,261.5
1032,1,5,10,0.0,63626.6,63888.1,1052,1032,261.5,261.5
1033,1,5,10,0.0,63688.2,63949.7,1052,1033,261.5,261.5
1034,1,5,10,0.0,63749.8,64011.3,1052,1034,261.5,261.5
1035,1,5,10,0.0,63811.4,64072.9,1052,1035,261.5,261.5
1036,1,5,10,0.0,63873.0,64134.5,1052,1036,261.5,261.5
1037,1,5,10,0.0,63934.6,64196.1,1052,1037,261.5,261.5
1038,1,5,10,0.0,63996.2,64257.7,1052,1038,261.5,261.5
1039,1,5,10,0.0,64057.7,64319.3,1052,1039,261.6000000000058,261.6000000000058
1040,1,5,10,0.0,64119.3,64380.8,1052,1040,261.5,261.5
1041,1,5,10,0.0,64180.9,64442.4,1052,1041,261.5,261.5
1042,1,5,10,0.0,64242.5,64504.0,1052,1042,261.5,261.5
1043,1,5,10,0.0,64304.1,64565.6,1052,1043,261.5,261.5
1044,1,5,10,0.0,64365.7,64627.2,1052,1044,261.5,261.5
1045,1,5,10,0.0,64427.3,64688.8,1052,1045,261.5,261.5
1046,1,5,10,0.0,64488.9,64750.4,1052,1046,261.5,261.5
1047,1,5,10,0.0,64550.5,64812.0,1052,1047,261.5,261.5
1048,1,5,10,0.0,64612.1,64873.6,1052,1048,261.5,261.5
1049,1,5,10,0.0,64673.7,64935.2,1052,1049,261.5,261.5
1050,1,5,10,0.0,64735.3,64996.8,1052,1050,261.5,261.5
1051,1,5,10,0.0,64796.9,65058.4,1052,1051,261.5,261.5
1052,1,5,10,0.0,64858.5,65120.0,1052,1052,261.5,261.5
1053,1,5,10,0.0,64920.1,65181.6,1052,1053,261.5,261.5
1054,1,5,10,0.0,64981.7,65243.2,1052,1054,261.5,261.5
1055,1,5,10,0.0,65043.2,65304.8,1052,1055,261.6000000000058,261.6000000000058
1056,1,5,10,0.0,65104.8,65366.3,1052,1056,261.5,261.5
1057,1,5,10,0.0,65166.4,65427.9,1052,1057,261.5,261.5
1058,1,5,10,0.0,65228.0,65489.5,1052,1058,261.5,261.5
1059,1,5,10,0.0,65289.6,65551.1,1052,1059,261.5000000000073,261.5000000000073
1060,1,5,10,0.0,65351.2,65612.7,1052,1060,261.5,261.5
1061,1,5,10,0.0,65412.8,65674.3,1052,1061,261.5,261.5
1062,1,5,10,0.0,65474.4,65735.9,1052,1062,261.4999999999927,261.4999999999927
1063,1,5,10,0.0,65536.0,65797.5,1052,1063,261.5,261.5
1064,1,5,10,0.0,65597.6,65859.1,1052,1064,261.5,261.5
1065,1,5,10,0.0,65659.2,65920.7,1052,1065,261.5,261.5
1066,1,5,10,0.0,65720.8,65982.3,1052,1066,261.5,261.5
1067,1,5,10,0.0,65782.4,66043.9,1052,1067,261.5,261.5
1068,1,5,10,0.0,65844.0,66105.5,1052,1068,261.5,261.5
1069,1,5,10,0.0,65905.6,66167.1,1052,1069,261.5,261.5
1070,1,5,10,0.0,65967.2,66228.7,1052,1070,261.5,261.5
1071,1,5,10,0.0,66028.8,66290.3,1052,1071,261.5,261.5
1072,1,5,10,0.0,66090.3,66351.9,1052,1072,261.59999999999127,261.59999999999127
1073,1,5,10,0.0,66151.9,66413.4,1052,1073,261.5,261.5
1074,1,5,10,0.0,66213.5,66475.0,1052,1074,261.5,261.5
1075,1,5,10,0.0,66275.1,66536.6,1052,1075,261.5,261.5
1076,1,5,10,0.0,66336.7,66598.2,1052,1076,261.5,261.5
1077,1,5,10,0.0,66398.3,66659.8,1052,1077,261.5,261.5
1078,1,5,10,0.0,66459.9,66721.4,1052,1078,261.5,261.5
1079,1,5,10,0.0,66521.5,66783.0,1052,1079,261.5,261.5
1080,1,5,10,0.0,66583.1,66844.6,1052,1080,261.5,261.5
1081,1,5,10,0.0,66644.7,66906.2,1052,1081,261.5,261.5
1082,1,5,10,0.0,66706.3,66967.8,1052,1082,261.5,261.5
1083,1,5,10,0.0,66767.9,67029.4,1052,1083,261.5,261.5
1084,1,5,10,0.0,66829.5,67091.0,1052,1084,261.5,261.5
1085,1,5,10,0.0,66891.1,67152.6,1052,1085,261.5,261.5
1086,1,5,10,0.0,66952.7,67214.2,1052,1086,261.5,261.5
1087,1,5,10,0.0,67014.3,67275.8,1052,1087,261.5,261.5
1088,1,5,10,0.0,67075.8,67337.4,1052,1088,261.59999999999127,261.59999999999127
1089,1,5,10,0.0,67137.4,67399.0,1052,1089,261.6000000000058,261.6000000000058
1090,1,5,10,0.0,67199.0,67460.5,1052,1090,261.5,261.5
1091,1,5,10,0.0,67260.6,67522.1,1052,1091,261.5,261.5
1092,1,5,10,0.0,67322.2,67583.7,1052,1092,261.5,261.5
1093,1,5,10,0.0,67383.8,67645.3,1052,1093,261.5,261.5
1094,1,5,10,0.0,67445.4,67706.9,1052,1094,261.5,261.5
1095,1,5,10,0.0,67507.0,67768.5,1052,1095,261.5,261.5
1096,1,5,10,0.0,67568.6,67830.1,1052,1096,261.5,261.5
1097,1,5,10,0.0,67630.2,67891.7,1052,1097,261.5,261.5
1098,1,5,10,0.0,67691.8,67953.3,1052,1098,261.5,261.5
1099,1,5,10,0.0,67753.4,68014.9,1052,1099,261.5,261.5
1100,1,5,10,0.0,67815.0,68076.5,1052,1100,261.5,261.5
1101,1,5,10,0.0,67876.6,68138.1,1052,1101,261.5,261.5
1102,1,5,10,0.0,67938.2,68199.7,1052,1102,261.5,261.5
1103,1,5,10,0.0,67999.8,68261.3,1052,1103,261.5,261.5
1104,1,5,10,0.0,68061.4,68322.9,1052,1104,261.5,261.5
1105,1,5,10,0.0,68122.9,68384.5,1052,1105,261.6000000000058,261.6000000000058
1106,1,5,10,0.0,68184.5,68446.0,1052,1106,261.5,261.5
1107,1,5,10,0.0,68246.1,68507.6,1052,1107,261.5,261.5
1108,1,5,10,0.0,68307.7,68569.2,1052,1108,261.5,261.5
1109,1,5,10,0.0,68369.3,68630.8,1052,1109,261.5,261.5
1110,1,5,10,0.0,68430.9,68692.4,1052,1110,261.5,261.5
1111,1,5,10,0.0,68492.5,68754.0,1052,1111,261.5,261.5
1112,1,5,10,0.0,68554.1,68815.6,1052,1112,261.5,261.5
1113,1,5,10,0.0,68615.7,68877.2,1052,1113,261.5,261.5
1114,1,5,10,0.0,68677.3,68938.8,1052,1114,261.5,261.5
1115,1,5,10,0.0,68738.9,69000.4,1052,1115,261.5,261.5
1116,1,5,10,0.0,68800.5,69062.0,1052,1116,261.5,261.5
1117,1,5,10,0.0,68862.1,69123.6,1052,1117,261.5,261.5
1118,1,5,10,0.0,68923.7,69185.2,1052,1118,261.5,261.5
1119,1,5,10,0.0,68985.3,69246.8,1052,1119,261.5,261.5
1120,1,5,10,0.0,69046.9,69308.4,1052,1120,261.5,261.5
1121,1,5,10,0.0,69108.5,69370.0,1052,1121,261.5,261.5
1122,1,5,10,0.0,69170.0,69431.6,1052,1122,261.6000000000058,261.6000000000058
1123,1,5,10,0.0,69231.6,69493.1,1052,1123,261.5,261.5
1124,1,5,10,0.0,69293.2,69554.7,1052,1124,261.5,261.5
1125,1,5,10,0.0,69354.8,69616.3,1052,1125,261.5,261.5
1126,1,5,10,0.0,69416.4,69677.9,1052,1126,261.5,261.5
1127,1,5,10,0.0,69478.0,69739.5,1052,1127,261.5,261.5
1128,1,5,10,0.0,69539.6,69801.1,1052,1128,261.5,261.5
1129,1,5,10,0.0,69601.2,69862.7,1052,1129,261.5,261.5
1130,1,5,10,0.0,69662.8,69924.3,1052,1130,261.5,261.5
1131,1,5,10,0.0,69724.4,69985.9,1052,1131,261.5,261.5
1132,1,5,10,0.0,69786.0,70047.5,1052,1132,261.5,261.5
1133,1,5,10,0.0,69847.6,70109.1,1052,1133,261.5,261.5
1134,1,5,10,0.0,69909.2,70170.7,1052,1134,261.5,261.5
1135,1,5,10,0.0,69970.8,70232.3,1052,1135,261.5,261.5
1136,1,5,10,0.0,70032.4,70293.9,1052,1136,261.5,261.5
1137,1,5,10,0.0,70094.0,70355.5,1052,1137,261.5,261.5
1138,1,5,10,0.0,70155.5,70417.1,1052,1138,261.6000000000058,261.6000000000058
1139,1,5,10,0.0,70217.1,70478.6,1052,1139,261.5,261.5
1140,1,5,10,0.0,70278.7,70540.2,1052,1140,261.5,261.5
1141,1,5,10,0.0,70340.3,70601.8,1052,1141,261.5,261.5
1142,1,5,10,0.0,70401.9,70663.4,1052,1142,261.5,261.5
1143,1,5,10,0.0,70463.5,70725.0,1052,1143,261.5,261.5
1144,1,5,10,0.0,70525.1,70786.6,1052,1144,261.5,261.5
1145,1,5,10,0.0,70586.7,70848.2,1052,1145,261.5,261.5
1146,1,5,10,0.0,70648.3,70909.8,1052,1146,261.5,261.5
1147,1,5,10,0.0,70709.9,70971.4,1052,1147,261.5,261.5
1148,1,5,10,0.0,70771.5,71033.0,1052,1148,261.5,261.5
1149,1,5,10,0.0,70833.1,71094.6,1052,1149,261.5,261.5
1150,1,5,10,0.0,70894.7,71156.2,1052,1150,261.5,261.5
1151,1,5,10,0.0,70956.3,71217.8,1052,1151,261.5,261.5
1152,1,5,10,0.0,71017.9,71279.4,1052,1152,261.5,261.5
1153,1,5,10,0.0,71079.5,71341.0,1052,1153,261.5,261.5
1154,1,5,10,0.0,71141.1,71402.6,1052,1154,261.5,261.5
1155,1,5,10,0.0,71202.6,71464.2,1052,1155,261.59999999999127,261.59999999999127
1156,1,5,10,0.0,71264.2,71525.7,1052,1156,261.5,261.5
1157,1,5,10,0.0,71325.8,71587.3,1052,1157,261.5,261.5
1158,1,5,10,0.0,71387.4,71648.9,1052,1158,261.5,261.5
1159,1,5,10,0.0,71449.0,71710.5,1052,1159,261.5,261.5
1160,1,5,10,0.0,71510.6,71772.1,1052,1160,261.5,261.5
1161,1,5,10,0.0,71572.2,71833.7,1052,1161,261.5,261.5
1162,1,5,10,0.0,71633.8,71895.3,1052,1162,261.5,261.5
1163,1,5,10,0.0,71695.4,71956.9,1052,1163,261.5,261.5
1164,1,5,10,0.0,71757.0,72018.5,1052,1164,261.5,261.5
1165,1,5,10,0.0,71818.6,72080.1,1052,1165,261.5,261.5
1166,1,5,10,0.0,71880.2,72141.7,1052,1166,261.5,261.5
1167,1,5,10,0.0,71941.8,72203.3,1052,1167,261.5,261.5
1168,1,5,10,0.0,72003.4,72264.9,1052,1168,261.5,261.5
1169,1,5,10,0.0,72065.0,72326.5,1052,1169,261.5,261.5
1170,1,5,10,0.0,72126.6,72388.1,1052,1170,261.5,261.5
1171,1,5,10,0.0,72188.2,72449.7,1052,1171,261.5,261.5
1172,1,5,10,0.0,72249.7,72511.3,1052,1172,261.6000000000058,261.6000000000058
1173,1,5,10,0.0,72311.3,72572.8,1052,1173,261.5,261.5
1174,1,5,10,0.0,72372.9,72634.4,1052,1174,261.5,261.5
1175,1,5,10,0.0,72434.5,72696.0,1052,1175,261.5,261.5
1176,1,5,10,0.0,72496.1,72757.6,1052,1176,261.5,261.5
1177,1,5,10,0.0,72557.7,72819.2,1052,1177,261.5,261.5
1178,1,5,10,0.0,72619.3,72880.8,1052,1178,261.5,261.5
1179,1,5,10,0.0,72680.9,72942.4,1052,1179,261.5,261.5
1180,1,5,10,0.0,72742.5,73004.0,1052,1180,261.5,261.5
1181,1,5,10,0.0,72804.1,73065.6,1052,1181,261.5,261.5
1182,1,5,10,0.0,72865.7,73127.2,1052,1182,261.5,261.5
1183,1,5,10,0.0,72927.3,73188.8,1052,1183,261.5,261.5
1184,1,5,10,0.0,72988.9,73250.4,1052,1184,261.5,261.5
1185,1,5,10,0.0,73050.5,73312.0,1052,1185,261.5,261.5
1186,1,5,10,0.0,73112.1,73373.6,1052,1186,261.5,261.5
1187,1,5,10,0.0,73173.7,73435.2,1052,1187,261.5,261.5
1188,1,5,10,0.0,73235.2,73496.8,1052,1188,261.6000000000058,261.6000000000058
1189,1,5,10,0.0,73296.8,73558.3,1052,1189,261.5,261.5
1190,1,5,10,0.0,73358.4,73619.9,1052,1190,261.5,261.5
1191,1,5,10,0.0,73420.0,73681.5,1052,1191,261.5,261.5
1192,1,5,10,0.0,73481.6,73743.1,1052,1192,261.5,261.5
1193,1,5,10,0.0,73543.2,73804.7,1052,1193,261.5,261.5
1194,1,5,10,0.0,73604.8,73866.3,1052,1194,261.5,261.5
1195,1,5,10,0.0,73666.4,73927.9,1052,1195,261.5,261.5
1196,1,5,10,0.0,73728.0,73989.5,1052,1196,261.5,261.5
1197,1,5,10,0.0,73789.6,74051.1,1052,1197,261.5,261.5
1198,1,5,10,0.0,73851.2,74112.7,1052,1198,261.5,261.5
1199,1,5,10,0.0,73912.8,74174.3,1052,1199,261.5,261.5
1200,1,5,10,0.0,73974.4,74235.9,1052,1200,261.5,261.5
1201,1,5,10,0.0,74036.0,74297.5,1052,1201,261.5,261.5
1202,1,5,10,0.0,74097.6,74359.1,1052,1202,261.5,261.5
1203,1,5,10,0.0,74159.2,74420.7,1052,1203,261.5,261.5
1204,1,5,10,0.0,74220.8,74482.3,1052,1204,261.5,261.5
1205,1,5,10,0.0,74282.3,74543.9,1052,1205,261.59999999999127,261.59999999999127
1206,1,5,10,0.0,74343.9,74605.4,1052,1206,261.5,261.5
1207,1,5,10,0.0,74405.5,74667.0,1052,1207,261.5,261.5
1208,1,5,10,0.0,74467.1,74728.6,1052,1208,261.5,261.5
1209,1,5,10,0.0,74528.7,74790.2,1052,1209,261.5,261.5
1210,1,5,10,0.0,74590.3,74851.8,1052,1210,261.5,261.5
1211,1,5,10,0.0,74651.9,74913.4,1052,1211,261.5,261.5
1212,1,5,10,0.0,74713.5,74975.0,1052,1212,261.5,261.5
1213,1,5,10,0.0,74775.1,75036.6,1052,1213,261.5,261.5
1214,1,5,10,0.0,74836.7,75098.2,1052,1214,261.5,261.5
1215,1,5,10,0.0,74898.3,75159.8,1052,1215,261.5,261.5
1216,1,5,10,0.0,74959.9,75221.4,1052,1216,261.5,261.5
1217,1,5,10,0.0,75021.5,75283.0,1052,1217,261.5,261.5
1218,1,5,10,0.0,75083.1,75344.6,1052,1218,261.5,261.5
1219,1,5,10,0.0,75144.7,75406.2,1052,1219,261.5,261.5
1220,1,5,10,0.0,75206.3,75467.8,1052,1220,261.5,261.5
1221,1,5,10,0.0,75267.8,75529.4,1052,1221,261.59999999999127,261.59999999999127
1222,1,5,10,0.0,75329.4,75591.0,1052,1222,261.6000000000058,261.6000000000058
1223,1,5,10,0.0,75391.0,75652.5,1052,1223,261.5,261.5
1224,1,5,10,0.0,75452.6,75714.1,1052,1224,261.5,261.5
1225,1,5,10,0.0,75514.2,75775.7,1052,1225,261.5,261.5
1226,1,5,10,0.0,75575.8,75837.3,1052,1226,261.5,261.5
1227,1,5,10,0.0,75637.4,75898.9,1052,1227,261.5,261.5
1228,1,5,10,0.0,75699.0,75960.5,1052,1228,261.5,261.5
1229,1,5,10,0.0,75760.6,76022.1,1052,1229,261.5,261.5
1230,1,5,10,0.0,75822.2,76083.7,1052,1230,261.5,261.5
1231,1,5,10,0.0,75883.8,76145.3,1052,1231,261.5,261.5
1232,1,5,10,0.0,75945.4,76206.9,1052,1232,261.5,261.5
1233,1,5,10,0.0,76007.0,76268.5,1052,1233,261.5,261.5
1234,1,5,10,0.0,76068.6,76330.1,1052,1234,261.5,261.5
1235,1,5,10,0.0,76130.2,76391.7,1052,1235,261.5,261.5
1236,1,5,10,0.0,76191.8,76453.3,1052,1236,261.5,261.5
1237,1,5,10,0.0,76253.4,76514.9,1052,1237,261.5,261.5
1238,1,5,10,0.0,76314.9,76576.5,1052,1238,261.6000000000058,261.6000000000058
1239,1,5,10,0.0,76376.5,76638.0,1052,1239,261.5,261.5
1240,1,5,10,0.0,76438.1,76699.6,1052,1240,261.5,261.5
1241,1,5,10,0.0,76499.7,76761.2,1052,1241,261.5,261.5
1242,1,5,10,0.0,76561.3,76822.8,1052,1242,261.5,261.5
1243,1,5,10,0.0,76622.9,76884.4,1052,1243,261.5,261.5
1244,1,5,10,0.0,76684.5,76946.0,1052,1244,261.5,261.5
1245,1,5,10,0.0,76746.1,77007.6,1052,1245,261.5,261.5
1246,1,5,10,0.0,76807.7,77069.2,1052,1246,261.5,261.5
1247,1,5,10,0.0,76869.3,77130.8,1052,1247,261.5,261.5
1248,1,5,10,0.0,76930.9,77192.4,1052,1248,261.5,261.5
1249,1,5,10,0.0,76992.5,77254.0,1052,1249,261.5,261.5
1250,1,5,10,0.0,77054.1,77315.6,1052,1250,261.5,261.5
1251,1,5,10,0.0,77115.7,77377.2,1052,1251,261.5,261.5
1252,1,5,10,0.0,77177.3,77438.8,1052,1252,261.5,261.5
1253,1,5,10,0.0,77238.9,77500.4,1052,1253,261.5,261.5
1254,1,5,10,0.0,77300.5,77562.0,1052,1254,261.5,261.5
1255,1,5,10,0.0,77362.0,77623.6,1052,1255,261.6000000000058,261.6000000000058
1256,1,5,10,0.0,77423.6,77685.1,1052,1256,261.5,261.5
1257,1,5,10,0.0,77485.2,77746.7,1052,1257,261.5,261.5
1258,1,5,10,0.0,77546.8,77808.3,1052,1258,261.5,261.5
1259,1,5,10,0.0,77608.4,77869.9,1052,1259,261.5,261.5
1260,1,5,10,0.0,77670.0,77931.5,1052,1260,261.5,261.5
1261,1,5,10,0.0,77731.6,77993.1,1052,1261,261.5,261.5
1262,1,5,10,0.0,77793.2,78054.7,1052,1262,261.5,261.5
1263,1,5,10,0.0,77854.8,78116.3,1052,1263,261.5,261.5
1264,1,5,10,0.0,77916.4,78177.9,1052,1264,261.5,261.5
1265,1,5,10,0.0,77978.0,78239.5,1052,1265,261.5,261.5
1266,1,5,10,0.0,78039.6,78301.1,1052,1266,261.5,261.5
1267,1,5,10,0.0,78101.2,78362.7,1052,1267,261.5,261.5
1268,1,5,10,0.0,78162.8,78424.3,1052,1268,261.5,261.5
1269,1,5,10,0.0,78224.4,78485.9,1052,1269,261.5,261.5
1270,1,5,10,0.0,78286.0,78547.5,1052,1270,261.5,261.5
1271,1,5,10,0.0,78347.5,78609.1,1052,1271,261.6000000000058,261.6000000000058
1272,1,5,10,0.0,78409.1,78670.6,1052,1272,261.5,261.5
1273,1,5,10,0.0,78470.7,78732.2,1052,1273,261.5,261.5
1274,1,5,10,0.0,78532.3,78793.8,1052,1274,261.5,261.5
1275,1,5,10,0.0,78593.9,78855.4,1052,1275,261.5,261.5
1276,1,5,10,0.0,78655.5,78917.0,1052,1276,261.5,261.5
1277,1,5,10,0.0,78717.1,78978.6,1052,1277,261.5,261.5
1278,1,5,10,0.0,78778.7,79040.2,1052,1278,261.5,261.5
1279,1,5,10,0.0,78840.3,79101.8,1052,1279,261.5,261.5
1280,1,5,10,0.0,78901.9,79163.4,1052,1280,261.5,261.5
1281,1,5,10,0.0,78963.5,79225.0,1052,1281,261.5,261.5
1282,1,5,10,0.0,79025.1,79286.6,1052,1282,261.5,261.5
1283,1,5,10,0.0,79086.7,79348.2,1052,1283,261.5,261.5
1284,1,5,10,0.0,79148.3,79409.8,1052,1284,261.5,261.5
1285,1,5,10,0.0,79209.9,79471.4,1052,1285,261.5,261.5
1286,1,5,10,0.0,79271.5,79533.0,1052,1286,261.5,261.5
1287,1,5,10,0.0,79333.1,79594.6,1052,1287,261.5,261.5
1288,1,5,10,0.0,79394.6,79656.2,1052,1288,261.59999999999127,261.59999999999127
1289,1,5,10,0.0,79456.2,79717.7,1052,1289,261.5,261.5
1290,1,5,10,0.0,79517.8,79779.3,1052,1290,261.5,261.5
1291,1,5,10,0.0,79579.4,79840.9,1052,1291,261.5,261.5
1292,1,5,10,0.0,79641.0,79902.5,1052,1292,261.5,261.5
1293,1,5,10,0.0,79702.6,79964.1,1052,1293,261.5,261.5
1294,1,5,10,0.0,79764.2,80025.7,1052,1294,261.5,261.5
1295,1,5,10,0.0,79825.8,80087.3,1052,1295,261.5,261.5
1296,1,5,10,0.0,79887.4,80148.9,1052,1296,261.5,261.5
1297,1,5,10,0.0,79949.0,80210.5,1052,1297,261.5,261.5
1298,1,5,10,0.0,80010.6,80272.1,1052,1298,261.5,261.5
1299,1,5,10,0.0,80072.2,80333.7,1052,1299,261.5,261.5
1300,1,5,10,0.0,80133.8,80395.3,1052,1300,261.5,261.5
1301,1,5,10,0.0,80195.4,80456.9,1052,1301,261.5,261.5
1302,1,5,10,0.0,80257.0,80518.5,1052,1302,261.5,261.5
1303,1,5,10,0.0,80318.6,80580.1,1052,1303,261.5,261.5
1304,1,5,10,0.0,80380.2,80641.7,1052,1304,261.5,261.5
1305,1,5,10,0.0,80441.7,80703.3,1052,1305,261.6000000000058,261.6000000000058
1306,1,5,10,0.0,80503.3,80764.8,1052,1306,261.5,261.5
1307,1,5,10,0.0,80564.9,80826.4,1052,1307,261.5,261.5
1308,1,5,10,0.0,80626.5,80888.0,1052,1308,261.5,261.5
1309,1,5,10,0.0,80688.1,80949.6,1052,1309,261.5,261.5
1310,1,5,10,0.0,80749.7,81011.2,1052,1310,261.5,261.5
1311,1,5,10,0.0,80811.3,81072.8,1052,1311,261.5,261.5
1312,1,5,10,0.0,80872.9,81134.4,1052,1312,261.5,261.5
1313,1,5,10,0.0,80934.5,81196.0,1052,1313,261.5,261.5
1314,1,5,10,0.0,80996.1,81257.6,1052,1314,261.5,261.5
1315,1,5,10,0.0,81057.7,81319.2,1052,1315,261.5,261.5
1316,1,5,10,0.0,81119.3,81380.8,1052,1316,261.5,261.5
1317,1,5,10,0.0,81180.9,81442.4,1052,1317,261.5,261.5
1318,1,5,10,0.0,81242.5,81504.0,1052,1318,261.5,261.5
1319,1,5,10,0.0,81304.1,81565.6,1052,1319,261.5,261.5
1320,1,5,10,0.0,81365.7,81627.2,1052,1320,261.5,261.5
1321,1,5,10,0.0,81427.2,81688.8,1052,1321,261.6000000000058,261.6000000000058
1322,1,5,10,0.0,81488.8,81750.3,1052,1322,261.5,261.5
1323,1,5,10,0.0,81550.4,81811.9,1052,1323,261.5,261.5
1324,1,5,10,0.0,81612.0,81873.5,1052,1324,261.5,261.5
1325,1,5,10,0.0,81673.6,81935.1,1052,1325,261.5,261.5
1326,1,5,10,0.0,81735.2,81996.7,1052,1326,261.5,261.5
1327,1,5,10,0.0,81796.8,82058.3,1052,1327,261.5,261.5
1328,1,5,10,0.0,81858.4,82119.9,1052,1328,261.5,261.5
1329,1,5,10,0.0,81920.0,82181.5,1052,1329,261.5,261.5
1330,1,5,10,0.0,81981.6,82243.1,1052,1330,261.5,261.5
1331,1,5,10,0.0,82043.2,82304.7,1052,1331,261.5,261.5
1332,1,5,10,0.0,82104.8,82366.3,1052,1332,261.5,261.5
1333,1,5,10,0.0,82166.4,82427.9,1052,1333,261.5,261.5
1334,1,5,10,0.0,82228.0,82489.5,1052,1334,261.5,261.5
1335,1,5,10,0.0,82289.6,82551.1,1052,1335,261.5,261.5
1336,1,5,10,0.0,82351.2,82612.7,1052,1336,261.5,261.5
1337,1,5,10,0.0,82412.8,82674.3,1052,1337,261.5,261.5
1338,1,5,10,0.0,82474.3,82735.9,1052,1338,261.59999999999127,261.59999999999127
1339,1,5,10,0.0,82535.9,82797.4,1052,1339,261.5,261.5
1340,1,5,10,0.0,82597.5,82859.0,1052,1340,261.5,261.5
1341,1,5,10,0.0,82659.1,82920.6,1052,1341,261.5,261.5
1342,1,5,10,0.0,82720.7,82982.2,1052,1342,261.5,261.5
1343,1,5,10,0.0,82782.3,83043.8,1052,1343,261.5,261.5
1344,1,5,10,0.0,82843.9,83105.4,1052,1344,261.5,261.5
1345,1,5,10,0.0,82905.5,83167.0,1052,1345,261.5,261.5
1346,1,5,10,0.0,82967.1,83228.6,1052,1346,261.5,261.5
1347,1,5,10,0.0,83028.7,83290.2,1052,1347,261.5,261.5
1348,1,5,10,0.0,83090.3,83351.8,1052,1348,261.5,261.5
1349,1,5,10,0.0,83151.9,83413.4,1052,1349,261.5,261.5
1350,1,5,10,0.0,83213.5,83475.0,1052,1350,261.5,261.5
1351,1,5,10,0.0,83275.1,83536.6,1052,1351,261.5,261.5
1352,1,5,10,0.0,83336.7,83598.2,1052,1352,261.5,261.5
1353,1,5,10,0.0,83398.3,83659.8,1052,1353,261.5,261.5
1354,1,5,10,0.0,83459.8,83721.4,1052,1354,261.59999999999127,261.59999999999127
1355,1,5,10,0.0,83521.4,83783.0,1052,1355,261.6000000000058,261.6000000000058
1356,1,5,10,0.0,83583.0,83844.5,1052,1356,261.5,261.5
1357,1,5,10,0.0,83644.6,83906.1,1052,1357,261.5,261.5
1358,1,5,10,0.0,83706.2,83967.7,1052,1358,261.5,261.5
1359,1,5,10,0.0,83767.8,84029.3,1052,1359,261.5,261.5
1360,1,5,10,0.0,83829.4,84090.9,1052,1360,261.5,261.5
1361,1,5,10,0.0,83891.0,84152.5,1052,1361,261.5,261.5
1362,1,5,10,0.0,83952.6,84214.1,1052,1362,261.5,261.5
1363,1,5,10,0.0,84014.2,84275.7,1052,1363,261.5,261.5
1364,1,5,10,0.0,84075.8,84337.3,1052,1364,261.5,261.5
1365,1,5,10,0.0,84137.4,84398.9,1052,1365,261.5,261.5
1366,1,5,10,0.0,84199.0,84460.5,1052,1366,261.5,261.5
1367,1,5,10,0.0,84260.6,84522.1,1052,1367,261.5,261.5
1368,1,5,10,0.0,84322.2,84583.7,1052,1368,261.5,261.5
1369,1,5,10,0.0,84383.8,84645.3,1052,1369,261.5,261.5
1370,1,5,10,0.0,84445.4,84706.9,1052,1370,261.5,261.5
1371,1,5,10,0.0,84506.9,84768.5,1052,1371,261.6000000000058,261.6000000000058
1372,1,5,10,0.0,84568.5,84830.0,1052,1372,261.5,261.5
1373,1,5,10,0.0,84630.1,84891.6,1052,1373,261.5,261.5
1374,1,5,10,0.0,84691.7,84953.2,1052,1374,261.5,261.5
1375,1,5,10,0.0,84753.3,85014.8,1052,1375,261.5,261.5
1376,1,5,10,0.0,84814.9,85076.4,1052,1376,261.5,261.5
1377,1,5,10,0.0,84876.5,85138.0,1052,1377,261.5,261.5
1378,1,5,10,0.0,84938.1,85199.6,1052,1378,261.5,261.5
1379,1,5,10,0.0,84999.7,85261.2,1052,1379,261.5,261.5
1380,1,5,10,0.0,85061.3,85322.8,1052,1380,261.5,261.5
1381,1,5,10,0.0,85122.9,85384.4,1052,1381,261.5,261.5
1382,1,5,10,0.0,85184.5,85446.0,1052,1382,261.5,261.5
1383,1,5,10,0.0,85246.1,85507.6,1052,1383,261.5,261.5
1384,1,5,10,0.0,85307.7,85569.2,1052,1384,261.5,261.5
1385,1,5,10,0.0,85369.3,85630.8,1052,1385,261.5,261.5
1386,1,5,10,0.0,85430.9,85692.4,1052,1386,261.5,261.5
1387,1,5,10,0.0,85492.5,85754.0,1052,1387,261.5,261.5
1388,1,5,10,0.0,85554.0,85815.6,1052,1388,261.6000000000058,261.6000000000058
1389,1,5,10,0.0,85615.6,85877.1,1052,1389,261.5,261.5
1390,1,5,10,0.0,85677.2,85938.7,1052,1390,261.5,261.5
1391,1,5,10,0.0,85738.8,86000.3,1052,1391,261.5,261.5
1392,1,5,10,0.0,85800.4,86061.9,1052,1392,261.5,261.5
1393,1,5,10,0.0,85862.0,86123.5,1052,1393,261.5,261.5
1394,1,5,10,0.0,85923.6,86185.1,1052,1394,261.5,261.5
1395,1,5,10,0.0,85985.2,86246.7,1052,1395,261.5,261.5
1396,1,5,10,0.0,86046.8,86308.3,1052,1396,261.5,261.5
1397,1,5,10,0.0,86108.4,86369.9,1052,1397,261.5,261.5
1398,1,5,10,0.0,86170.0,86431.5,1052,1398,261.5,261.5
1399,1,5,10,0.0,86231.6,86493.1,1052,1399,261.5,261.5
1400,1,5,10,0.0,86293.2,86554.7,1052,1400,261.5,261.5
1401,1,5,10,0.0,86354.8,86616.3,1052,1401,261.5,261.5
